state_name,state,congress,s_lower,s_upper,race_type,election_name,voter_power,cook_rating,name of ballot,ballot_type,source,ballot notes,description,dropdown type,get involved link,supporting organization link,D_running,R_running
Missouri,29,,,,Ballot Initiative - Reproductive Rights,MO Amendment 3 – Repeal Abortion Rights,53,toss-up,MO Amendment 3 – Repeal Abortion Rights,legislative referral,,CONFIRMED for Nov 2026 ballot. One of the most consequential measures nationally. Passed 51.6% in 2024; repeal effort by R legislature.,"Legislature referred constitutional amendment to repeal 2024 Amendment 3 (abortion rights through viability). Would ban abortion except medical emergency, rape/incest up to 12 weeks.",,,,,
Nevada,32,,,,Ballot Initiative - Reproductive Rights,NV Question 6 – Abortion Rights (2nd approval),23,likely-D,NV Question 6 – Abortion Rights (2nd approval),citizen initiative,,CONFIRMED. Expected to pass; strong D lean in Nevada on abortion.,Nevada requires two successive general election approvals for constitutional amendments. Question 6 protecting reproductive freedom passed in 2024; must pass again in 2026 to become law.,,,,,
Idaho,16,,,,Ballot Initiative - Reproductive Rights,ID Reproductive Rights Initiative,77,toss-up,ID Reproductive Rights Initiative,citizen initiative,,NOT YET QUALIFIED. Petition in progress; high signature threshold. ID is deep-R state — passage uncertain even if qualified.,"Campaign collecting signatures for reproductive rights initiative in Idaho, which has a near-total abortion ban. Signatures due May 1, 2026.",,,,,
Virginia,51,,,,Ballot Initiative - Reproductive Rights,VA Right to Reproductive Freedom Amendment,16,likely-D,VA Right to Reproductive Freedom Amendment,legislative referral,,CONFIRMED for Nov 2026. D-leaning state; expected to pass.,Virginia General Assembly certified constitutional amendment protecting reproductive freedom for November 2026 ballot.,,,,,
Missouri,29,,,,Ballot Initiative - Direct Democracy,"MO ""Protect Missouri Voters"" Amendment",53,toss-up,"MO ""Protect Missouri Voters"" Amendment",legislative referral,,CONFIRMED for Nov 2026. Citizens fought back with own counter-initiative campaigns. Described by advocates as an attempt to gut the People's Tool.,"Legislature-referred amendment to dramatically weaken the citizen initiative process. Would impose new restrictions on signature gathering, subject matter, and supermajority vote requirements for citizen-led initiatives.",,,,,
Alaska,2,,,,Ballot Initiative - Direct Democracy,AK Repeal Top-Four Ranked-Choice Voting Initiative,100,toss-up,AK Repeal Top-Four Ranked-Choice Voting Initiative,citizen initiative,,CONFIRMED qualified. RCV opponents narrowly failed to repeal in 2022 (47.7% for repeal). Rematch in 2026. Significant for EIL/Vote Maximizer.,Citizen initiative to repeal Alaska's top-four primary and ranked-choice voting system adopted in 2020. Qualified for 2026 ballot.,,,,,
Alaska,2,,,,Ballot Initiative - Direct Democracy,AK Campaign Contribution Limits Initiative,34,likely-D,AK Campaign Contribution Limits Initiative,citizen initiative,,CONFIRMED qualified.,Legislature adjourned without passing indirect initiative establishing new state/local campaign contribution limits; qualified automatically for 2026 ballot.,,,,,
North Dakota,38,,,,Ballot Initiative - Direct Democracy,ND Supermajority Threshold for Constitutional Amendments,72,lean-R,ND Supermajority Threshold for Constitutional Amendments,legislative referral,,CONFIRMED. Similar measures in SD also on ballot. Anti-direct-democracy trend by R legislatures.,Legislature referred measure to increase constitutional amendment passage threshold from simple majority to 60%. Would make future citizen initiatives harder to pass.,,,,,
South Dakota,46,,,,Ballot Initiative - Direct Democracy,SD Supermajority Threshold for Constitutional Amendments,69,lean-R,SD Supermajority Threshold for Constitutional Amendments,legislative referral,,CONFIRMED.,Legislature referred measure to increase constitutional amendment threshold to 60%.,,,,,
Utah,49,,,,Ballot Initiative - Direct Democracy,UT Tax Initiative Supermajority Requirement,7,solid-R,UT Tax Initiative Supermajority Requirement,legislative referral,,CONFIRMED.,"Voters decide whether to require 60% supermajority for ballot measures that impose, expand, or increase taxes.",,,,,
Montana,30,,,,Ballot Initiative - Direct Democracy,MT Nonpartisan Judicial Elections Initiative,62,lean-R,MT Nonpartisan Judicial Elections Initiative,citizen initiative,,In process. Significant for EIL — connects to judicial independence and democracy reform.,"Initiative to enshrine nonpartisan judicial elections in state constitution. MT Supreme Court rejected AG's proposed ballot statement, signaling legal friction.",,,,,
Nebraska,31,,,,Ballot Initiative - Direct Democracy,NE Direct Democracy Protection Initiative,54,lean-R,NE Direct Democracy Protection Initiative,citizen initiative,,Signature gathering in progress.,Citizen-led campaign to shore up initiative/referendum rights in Nebraska constitution. Response to legislative threats to the process.,,,,,
Arkansas,5,,,,Ballot Initiative - Direct Democracy,AR Direct Democracy Protection (Save AR Democracy),8,solid-R,AR Direct Democracy Protection (Save AR Democracy),citizen initiative,,Two separate campaigns; both in signature collection phase.,Protect Arkansas Rights and Save AR Democracy both filed citizen-led initiative campaigns to defend direct democracy process in AR.,,,,,
Virginia,51,,,,Ballot Initiative - Democracy,VA Congressional Redistricting Map Amendment,16,likely-D,VA Congressional Redistricting Map Amendment,legislative referral,,"CONFIRMED April 21, 2026 special election — earliest 2026 ballot measure.","Special election April 21, 2026. Constitutional amendment on use of legislative congressional redistricting map. First 2026 statewide ballot measure nationally.",,,,,
Virginia,51,,,,Ballot Initiative - Democracy,VA Voting Rights Restoration for Felons Upon Release,16,likely-D,VA Voting Rights Restoration for Felons Upon Release,legislative referral,,CONFIRMED for Nov 2026. Important civil rights and voting access measure.,Amendment to automatically restore voting rights to people with felony convictions upon release from incarceration.,,,,,
Virginia,51,,,,Ballot Initiative - Civil Liberties,VA Remove Same-Sex Marriage Ban Amendment,16,likely-D,VA Remove Same-Sex Marriage Ban Amendment,legislative referral,,CONFIRMED for Nov 2026.,Constitutional amendment to remove Virginia's existing ban on same-sex marriage (unenforceable since Obergefell but still in constitution).,,,,,
Missouri,29,,,,Ballot Initiative - Civil Liberties,MO LGBTQ Anti-Discrimination + Same-Sex Marriage,53,toss-up,MO LGBTQ Anti-Discrimination + Same-Sex Marriage,citizen initiative,,Pending qualification. MO is hostile environment but Amendment 3 showed initiative can win.,"Proposed initiative to prohibit discrimination based on gender identity/sexual orientation, and to repeal state constitutional ban on same-sex marriage.",,,,,
Ohio,39,,,,Ballot Initiative - Civil Liberties,OH Equal Rights Amendment (incl. gender identity),43,toss-up,OH Equal Rights Amendment (incl. gender identity),citizen initiative,,Not yet qualified. OH passed abortion rights amendment in 2023 showing D-initiative viability even in R state.,"Initiative to enshrine equal rights under law including sex, sexual orientation, gender identity. Signatures due July 1, 2026.",,,,,
Oregon,41,,,,Ballot Initiative - Civil Liberties,OR LGBTQ Non-Discrimination + Same-Sex Marriage Repeal,7,solid-D,OR LGBTQ Non-Discrimination + Same-Sex Marriage Repeal,citizen initiative,,OR is solidly D; likely to pass if qualified.,"Initiative to extend sex discrimination prohibition to cover gender identity, sexual orientation; repeal 2004 same-sex marriage ban from constitution. Signatures due May 3, 2026.",,,,,
Nevada,32,,,,Ballot Initiative - Democracy,NV Question 7 – Voter ID (2nd approval),66,toss-up,NV Question 7 – Voter ID (2nd approval),citizen initiative,,CONFIRMED. NV is toss-up on this. Strong organized opposition.,Nevada voter ID requirement passed in 2024; must pass again in 2026 to take effect. Would require photo ID to vote.,,,,,
California,6,,,,Ballot Initiative - Democracy,CA Recall Process Reform Amendment,4,solid-D,CA Recall Process Reform Amendment,legislative referral,,CONFIRMED for Nov 2026. Response to 2021 Newsom recall.,Legislature passed constitutional amendment to reform state recall election process. 90 of 91 voting D supported; 24 of 25 R opposed.,,,,,
California,6,,,,Ballot Initiative - Democracy,CA Supermajority Vote Requirements for Initiatives,4,solid-D,CA Supermajority Vote Requirements for Initiatives,legislative referral,,CONFIRMED for Nov 2026. Moved from 2024 to 2026 ballot.,Changes vote requirements for initiatives that would require supermajority votes.,,,,,
Kansas,20,,,,Ballot Initiative - Democracy,KS Referendum on Elected Judicial Elections,48,lean-R,KS Referendum on Elected Judicial Elections,legislative referral,,CONFIRMED for Nov 2026. Significant for judicial independence. EIL interest.,Referendum on whether to switch Kansas Supreme Court justices from gubernatorial appointment to elections starting in 2028. Court currently uses merit selection/retention.,,,,,
Oklahoma,40,,,,Ballot Initiative - Democracy,OK Minimum Wage Increase to $15/hour,64,toss-up,OK Minimum Wage Increase to $15/hour,citizen initiative,,"CONFIRMED special election June 16, 2026. Economic populism in a R state.","Special election June 16, 2026. State Question 832 to raise minimum wage to $15/hour.",,,,,