state_name,state,congress,s_upper,s_lower,election_name,race_type,voter_power,cook_rating,pivotal election?,structural initiative?,liberties initiative?,incumbent,D_running,R_running,I_independent,D_link,R_link,I_link,Margins (DRA/polls),Margins (CON22),Margin (Averages),VP w/ avg margins,notes,,Unnamed: 24,Unnamed: 25
Alabama,1,1,,,Congressional District 1,House,3,solid-R,,,,Barry Moore,,Barry Moore,,,,,,,,,,,,
Alabama,1,2,,,Congressional District 2,House,3,solid-R,,,,Open (Moore running for Senate),,Open (Moore running for Senate),,,,,,,,,,,,
Alabama,1,3,,,Congressional District 3,House,3,solid-R,,,,Mike Rogers,,Mike Rogers,,,,,,,,,,,,
Alabama,1,4,,,Congressional District 4,House,3,solid-R,,,,Robert Aderholt,,Robert Aderholt,,,,,,,,,,,,
Alabama,1,5,,,Congressional District 5,House,3,solid-R,,,,Dale Strong,,Dale Strong,,,,,,,,,,,,
Alabama,1,6,,,Congressional District 6,House,3,solid-R,,,,Gary Palmer,,Gary Palmer,,,,,,,,,,,,
Alabama,1,7,,,Congressional District 7,House,3,solid-D,,,,Terri Sewell,Terri Sewell,,,,,,,,,,,,,
Alaska,2,1,,,Congressional District 1,House,63,lean-R,,,,Nick Begich III,TBD,Nick Begich III,,,,,,,,,DCCC target,,,
Arizona,4,1,,,Congressional District 1,House,100,toss-up,,,,Open (David Schweikert running for Governor),TBD,TBD,,,,,,,,,Open seat; Schweikert left to run for AZ Governor; DCCC target,,,Yes
Arizona,4,2,,,Congressional District 2,House,43,lean-R,,,,Eli Crane,TBD,Eli Crane,,,,,,,,,DCCC target,,,Yes
Arizona,4,3,,,Congressional District 3,House,3,solid-D,,,,Raúl Grijalva,Raúl Grijalva,,,,,,,,,,,,,
Arizona,4,4,,,Congressional District 4,House,3,solid-D,,,,Greg Stanton,Greg Stanton,,,,,,,,,,,,,
Arizona,4,5,,,Congressional District 5,House,3,solid-R,,,,Andy Biggs,,Andy Biggs,,,,,,,,,,,,
Arizona,4,6,,,Congressional District 6,House,54,lean-R,,,,Juan Ciscomani,TBD,Juan Ciscomani,,,,,,,,,DCCC target,,,
Arizona,4,7,,,Congressional District 7,House,3,solid-D,,,,Ruben Gallego,Ruben Gallego,,,,,,,,,,,,,
Arizona,4,8,,,Congressional District 8,House,3,solid-R,,,,Debbie Lesko,,Debbie Lesko,,,,,,,,,,,,
Arizona,4,9,,,Congressional District 9,House,3,solid-R,,,,Paul Gosar,,Paul Gosar,,,,,,,,,,,,
Arkansas,5,1,,,Congressional District 1,House,3,solid-R,,,,Rick Crawford,,Rick Crawford,,,,,,,,,,,,
Arkansas,5,2,,,Congressional District 2,House,3,solid-R,,,,French Hill,,French Hill,,,,,,,,,,,,
Arkansas,5,3,,,Congressional District 3,House,3,solid-R,,,,Steve Womack,,Steve Womack,,,,,,,,,,,,
Arkansas,5,4,,,Congressional District 4,House,3,solid-R,,,,Bruce Westerman,,Bruce Westerman,,,,,,,,,,,,
California,6,1,,,Congressional District 1,House,3,solid-R,,,,Vacant (Doug LaMalfa died Jan 6 2026),,Open (Doug LaMalfa died Jan 6 2026),,,,,,,,,LaMalfa died Jan 6; special election Aug 4; primary June 2; safe-R open seat,,,
California,6,2,,,Congressional District 2,House,3,solid-D,,,,Jared Huffman,Jared Huffman,,,,,,,,,,,,,
California,6,3,,,Congressional District 3,House,3,solid-R,,,,Kevin Kiley,,Kevin Kiley,,,,,,,,,,,,
California,6,4,,,Congressional District 4,House,3,solid-R,,,,Tom McClintock,,Tom McClintock,,,,,,,,,,,,
California,6,5,,,Congressional District 5,House,3,solid-D,,,,Mike Thompson,Mike Thompson,,,,,,,,,,,,,
California,6,6,,,Congressional District 6,House,3,solid-D,,,,Ami Bera,Ami Bera,,,,,,,,,,,,,
California,6,7,,,Congressional District 7,House,3,solid-D,,,,Doris Matsui,Doris Matsui,,,,,,,,,,,,,
California,6,8,,,Congressional District 8,House,3,solid-R,,,,John Garamendi,,John Garamendi,,,,,,,,,,,,
California,6,9,,,Congressional District 9,House,62,lean-D,,,,Josh Harder,Josh Harder,TBD,,,,,,,,,NRCC target; DCCC frontline,,,Yes
California,6,10,,,Congressional District 10,House,3,solid-D,,,,Mark DeSaulnier,Mark DeSaulnier,,,,,,,,,,,,,
California,6,11,,,Congressional District 11,House,3,solid-D,,,,Nancy Pelosi,Nancy Pelosi,,,,,,,,,,,,,
California,6,12,,,Congressional District 12,House,3,solid-D,,,,Lateefah Simon,Lateefah Simon,,,,,,,,,,,,,
California,6,13,,,Congressional District 13,House,100,toss-up,,,,Adam Gray,Adam Gray,TBD,,,,,,,,,NRCC target; DCCC frontline,,,Yes
California,6,14,,,Congressional District 14,House,3,solid-D,,,,Open (Swalwell resigned Apr 14 2026),Eric Swalwell,,,,,,,,,,Swalwell resigned Apr 14; special election Aug 18; primary June 16; safe-D open seat,,,
California,6,15,,,Congressional District 15,House,3,solid-D,,,,Kevin Mullin,Kevin Mullin,,,,,,,,,,,,,
California,6,16,,,Congressional District 16,House,3,solid-D,,,,Sam Liccardo,Sam Liccardo,,,,,,,,,,,,,
California,6,17,,,Congressional District 17,House,3,solid-D,,,,Ro Khanna,Ro Khanna,,,,,,,,,,,,,
California,6,18,,,Congressional District 18,House,3,solid-D,,,,Zoe Lofgren,Zoe Lofgren,,,,,,,,,,,,,
California,6,19,,,Congressional District 19,House,3,solid-D,,,,Jimmy Panetta,Jimmy Panetta,,,,,,,,,,,,,
California,6,20,,,Congressional District 20,House,3,solid-R,,,,Vince Fong,,Vince Fong,,,,,,,,,,,,
California,6,21,,,Congressional District 21,House,3,solid-D,,,,Jim Costa,Jim Costa,,,,,,,,,,,,,
California,6,22,,,Congressional District 22,House,60,lean-R,,,,David Valadao,TBD,David Valadao,,,,,,,,,DCCC target,,,Yes
California,6,23,,,Congressional District 23,House,3,solid-R,,,,Jay Obernolte,,Jay Obernolte,,,,,,,,,,,,
California,6,24,,,Congressional District 24,House,3,solid-D,,,,Salud Carbajal,Salud Carbajal,,,,,,,,,,,,,
California,6,25,,,Congressional District 25,House,3,solid-D,,,,Raul Ruiz,Raul Ruiz,,,,,,,,,,,,,
California,6,26,,,Congressional District 26,House,3,solid-D,,,,Julia Brownley,Julia Brownley,,,,,,,,,,,,,
California,6,27,,,Congressional District 27,House,43,lean-D,,,,George Whitesides,George Whitesides,TBD,,,,,,,,,NRCC target; DCCC frontline,,,Yes
California,6,28,,,Congressional District 28,House,3,solid-D,,,,Judy Chu,Judy Chu,,,,,,,,,,,,,
California,6,29,,,Congressional District 29,House,3,solid-D,,,,Tony Cárdenas,Tony Cárdenas,,,,,,,,,,,,,
California,6,30,,,Congressional District 30,House,3,solid-D,,,,Adam Schiff,Adam Schiff,,,,,,,,,,,,,
California,6,31,,,Congressional District 31,House,3,solid-D,,,,Grace Napolitano,Grace Napolitano,,,,,,,,,,,,,
California,6,32,,,Congressional District 32,House,3,solid-D,,,,Brad Sherman,Brad Sherman,,,,,,,,,,,,,
California,6,33,,,Congressional District 33,House,3,solid-D,,,,Pete Aguilar,Pete Aguilar,,,,,,,,,,,,,
California,6,34,,,Congressional District 34,House,3,solid-D,,,,Jimmy Gomez,Jimmy Gomez,,,,,,,,,,,,,
California,6,35,,,Congressional District 35,House,3,solid-D,,,,Norma Torres,Norma Torres,,,,,,,,,,,,,
California,6,36,,,Congressional District 36,House,3,solid-D,,,,Ted Lieu,Ted Lieu,,,,,,,,,,,,,
California,6,37,,,Congressional District 37,House,3,solid-D,,,,Sydney Kamlager-Dove,Sydney Kamlager-Dove,,,,,,,,,,,,,
California,6,38,,,Congressional District 38,House,3,solid-D,,,,Linda Sánchez,Linda Sánchez,,,,,,,,,,,,,
California,6,39,,,Congressional District 39,House,3,solid-D,,,,Mark Takano,Mark Takano,,,,,,,,,,,,,
California,6,40,,,Congressional District 40,House,3,solid-R,,,,Young Kim,,Young Kim,,,,,,,,,,,,Yes
California,6,41,,,Congressional District 41,House,3,solid-R,,,,Ken Calvert,,Ken Calvert,,,,,,,,,,,,Yes
California,6,42,,,Congressional District 42,House,3,solid-D,,,,Robert Garcia,Robert Garcia,,,,,,,,,,,,,
California,6,43,,,Congressional District 43,House,3,solid-D,,,,Maxine Waters,Maxine Waters,,,,,,,,,,,,,
California,6,44,,,Congressional District 44,House,3,solid-D,,,,Nanette Barragán,Nanette Barragán,,,,,,,,,,,,,
California,6,45,,,Congressional District 45,House,56,lean-D,,,,Derek Tran,Derek Tran,TBD,,,,,,,,,NRCC target; DCCC frontline,,,Yes
California,6,46,,,Congressional District 46,House,3,solid-D,,,,Lou Correa,Lou Correa,,,,,,,,,,,,,
California,6,47,,,Congressional District 47,House,52,lean-D,,,,Dave Min,Dave Min,TBD,,,,,,,,,NRCC target; DCCC frontline,,,Yes
California,6,48,,,Congressional District 48,House,50,lean-R,,,,Darrell Issa,TBD,Darrell Issa,,,,,,,,,DCCC target; added Dec 2025,,,
California,6,49,,,Congressional District 49,House,3,solid-D,,,,Mike Levin,Mike Levin,,,,,,,,,,,,,
California,6,50,,,Congressional District 50,House,3,solid-D,,,,Scott Peters,Scott Peters,,,,,,,,,,,,,
California,6,51,,,Congressional District 51,House,3,solid-D,,,,Sara Jacobs,Sara Jacobs,,,,,,,,,,,,,
California,6,52,,,Congressional District 52,House,3,solid-D,,,,Juan Vargas,Juan Vargas,,,,,,,,,,,,,
Colorado,8,1,,,Congressional District 1,House,3,solid-D,,,,Diana DeGette,Diana DeGette,,,,,,,,,,,,,
Colorado,8,2,,,Congressional District 2,House,3,solid-D,,,,Joe Neguse,Joe Neguse,,,,,,,,,,,,,
Colorado,8,3,,,Congressional District 3,House,3,solid-R,,,,Jeff Hurd,,Jeff Hurd,,,,,,,,,,,,
Colorado,8,4,,,Congressional District 4,House,3,solid-R,,,,Lauren Boebert,,Lauren Boebert,,,,,,,,,,,,Yes
Colorado,8,5,,,Congressional District 5,House,47,lean-R,,,,Jeff Crank,TBD,Jeff Crank,,,,,,,,,DCCC target; added Feb 2026,,,Yes
Colorado,8,6,,,Congressional District 6,House,3,solid-D,,,,Jason Crow,Jason Crow,,,,,,,,,,,,,
Colorado,8,7,,,Congressional District 7,House,3,solid-D,,,,Brittany Pettersen,Brittany Pettersen,,,,,,,,,,,,,
Colorado,8,8,,,Congressional District 8,House,98,toss-up,,,,Gabe Evans,TBD,Gabe Evans,,,,,,,,,DCCC target,,,Yes
Connecticut,9,1,,,Congressional District 1,House,3,solid-D,,,,John Larson,John Larson,,,,,,,,,,,,,
Connecticut,9,2,,,Congressional District 2,House,3,solid-D,,,,Joe Courtney,Joe Courtney,,,,,,,,,,,,,
Connecticut,9,3,,,Congressional District 3,House,3,solid-D,,,,Rosa DeLauro,Rosa DeLauro,,,,,,,,,,,,,
Connecticut,9,4,,,Congressional District 4,House,3,solid-D,,,,Jim Himes,Jim Himes,,,,,,,,,,,,,
Connecticut,9,5,,,Congressional District 5,House,3,solid-D,,,,Jahana Hayes,Jahana Hayes,,,,,,,,,,,,,
Delaware,10,1,,,Congressional District 1,House,3,solid-D,,,,Sarah McBride,Sarah McBride,,,,,,,,,,,,,
Florida,12,1,,,Congressional District 1,House,3,solid-R,,,,Matt Gaetz,,Matt Gaetz,,,,,,,,,,,,
Florida,12,2,,,Congressional District 2,House,3,solid-R,,,,Neal Dunn,,Neal Dunn,,,,,,,,,,,,
Florida,12,3,,,Congressional District 3,House,3,solid-R,,,,Kat Cammack,,Kat Cammack,,,,,,,,,,,,
Florida,12,4,,,Congressional District 4,House,3,solid-R,,,,Aaron Bean,,Aaron Bean,,,,,,,,,,,,
Florida,12,5,,,Congressional District 5,House,3,solid-R,,,,John Rutherford,,John Rutherford,,,,,,,,,,,,
Florida,12,6,,,Congressional District 6,House,3,solid-R,,,,Michael Waltz,,Michael Waltz,,,,,,,,,,,,
Florida,12,7,,,Congressional District 7,House,56,lean-R,,,,Cory Mills,TBD,Cory Mills,,,,,,,,,DCCC target,,,
Florida,12,8,,,Congressional District 8,House,3,solid-R,,,,Bill Posey,,Bill Posey,,,,,,,,,,,,
Florida,12,9,,,Congressional District 9,House,33,likely-R,,,,Darren Soto,Darren Soto,TBD,,,,,,,,,⚠️ NEW FL MAP (signed May 4): Soto (D) district redrawn Trump+17; was lean-D; Soto TBD if runs; IE: likely-R,,,
Florida,12,10,,,Congressional District 10,House,3,solid-D,,,,Maxwell Frost,Maxwell Frost,,,,,,,,,,,,,
Florida,12,11,,,Congressional District 11,House,3,solid-R,,,,Daniel Webster,,Daniel Webster,,,,,,,,,,,,
Florida,12,12,,,Congressional District 12,House,16,likely-R,,,,Gus Bilirakis,,Gus Bilirakis,,,,,,,,,⚠️ NEW FL MAP: Bilirakis safe→likely-R; some D voters added via Hillsborough shift,,,
Florida,12,13,,,Congressional District 13,House,62,lean-R,,,,Anna Paulina Luna,TBD,Anna Paulina Luna,,,,,,,,,DCCC target,,,
Florida,12,14,,,Congressional District 14,House,38,lean-R,,,,Kathy Castor,,Kathy Castor,,,,,,,,,⚠️ NEW FL MAP (signed May 4): Castor (D) redrawn Trump+10.5; Castor says she will run; Sabato: leans-R; was solid-D,,,
Florida,12,15,,,Congressional District 15,House,45,lean-R,,,,Laurel Lee,TBD,Laurel Lee,,,,,,,,,DCCC target; added Dec 2025,,,
Florida,12,16,,,Congressional District 16,House,11,likely-R,,,,Vern Buchanan,,Vern Buchanan,,,,,,,,,⚠️ NEW FL MAP: Buchanan open seat; likely-R (Trump+13 in 2024),,,
Florida,12,17,,,Congressional District 17,House,3,solid-R,,,,Greg Steube,,Greg Steube,,,,,,,,,,,,
Florida,12,18,,,Congressional District 18,House,3,solid-R,,,,Scott Franklin,,Scott Franklin,,,,,,,,,,,,
Florida,12,19,,,Congressional District 19,House,3,solid-R,,,,Byron Donalds,,Byron Donalds,,,,,,,,,,,,
Florida,12,20,,,Congressional District 20,House,3,solid-D,,,,Open (Cherfilus-McCormick resigned Apr 21 2026),Sheila Cherfilus-McCormick,,,,,,,,,,Cherfilus-McCormick resigned Apr 21; special election TBD; safe-D under new FL map,,,
Florida,12,21,,,Congressional District 21,House,3,solid-R,,,,Brian Mast,,Brian Mast,,,,,,,,,,,,
Florida,12,22,,,Congressional District 22,House,38,lean-R,,,,Mike Haridopolos,,Mike Haridopolos,,,,,,,,,⚠️ NEW FL MAP (signed May 4): Frankel (D) redrawn Trump+10.5; Frankel/DWS TBD where they run; Sabato: leans-R; was solid-D,,,
Florida,12,23,,,Congressional District 23,House,33,lean-D,,,,Jared Moskowitz,Jared Moskowitz,TBD,,,,,,,,,⚠️ NEW FL MAP (signed May 4): Moskowitz seat moved north but stays D; safer under new map; was lean-D,,,
Florida,12,24,,,Congressional District 24,House,3,solid-D,,,,Frederica Wilson,Frederica Wilson,,,,,,,,,,,,,
Florida,12,25,,,Congressional District 25,House,3,solid-R,,,,Mario Diaz-Balart,,Mario Diaz-Balart,,,,,,,,,⚠️ NEW FL MAP (signed May 4): DWS district abolished; split into 4 R-leaning seats; was solid-D,,,
Florida,12,26,,,Congressional District 26,House,3,solid-R,,,,Carlos Gimenez,,Carlos Gimenez,,,,,,,,,,,,
Florida,12,27,,,Congressional District 27,House,38,lean-R,,,,Maria Elvira Salazar,TBD,Maria Elvira Salazar,,,,,,,,,Cook Apr 7: Safe R -> Likely R,,,
Florida,12,28,,,Congressional District 28,House,3,solid-R,,,,VERIFY - possible data error; check district assignment,,VERIFY,,,,,,,,,FLAGGED: FL-28 listed as Open but no incumbent departure confirmed. Carlos Gimenez (R) represents FL-26. Verify correct district number.,,,
Georgia,13,1,,,Congressional District 1,House,3,solid-R,,,,Buddy Carter,,Buddy Carter,,,,,,,,,,,,
Georgia,13,2,,,Congressional District 2,House,3,solid-D,,,,Sanford Bishop,Sanford Bishop,,,,,,,,,,,,,
Georgia,13,3,,,Congressional District 3,House,3,solid-R,,,,Brian Jack,,Brian Jack,,,,,,,,,,,,
Georgia,13,4,,,Congressional District 4,House,3,solid-D,,,,Hank Johnson,Hank Johnson,,,,,,,,,,,,,
Georgia,13,5,,,Congressional District 5,House,3,solid-D,,,,Nikema Williams,Nikema Williams,,,,,,,,,,,,,
Georgia,13,6,,,Congressional District 6,House,3,solid-R,,,,Rich McCormick,,Rich McCormick,,,,,,,,,,,,
Georgia,13,7,,,Congressional District 7,House,3,solid-D,,,,Lucy McBath,Lucy McBath,,,,,,,,,,,,,
Georgia,13,8,,,Congressional District 8,House,3,solid-R,,,,Austin Scott,,Austin Scott,,,,,,,,,,,,
Georgia,13,9,,,Congressional District 9,House,3,solid-R,,,,Andrew Clyde,,Andrew Clyde,,,,,,,,,,,,
Georgia,13,10,,,Congressional District 10,House,3,solid-R,,,,Mike Collins,,Mike Collins,,,,,,,,,,,,
Georgia,13,11,,,Congressional District 11,House,3,solid-R,,,,Barry Loudermilk,,Barry Loudermilk,,,,,,,,,,,,
Georgia,13,12,,,Congressional District 12,House,3,solid-R,,,,Rick Allen,,Rick Allen,,,,,,,,,,,,
Georgia,13,13,,,Congressional District 13,House,3,solid-D,,,,Vacant (David Scott died Apr 22 2026),David Scott,,,,,,,,,,David Scott died Apr 22 2026; special election TBD; majority-Black D district; solid-D,,,
Georgia,13,14,,,Congressional District 14,House,3,solid-R,,,,Marjorie Taylor Greene,,Marjorie Taylor Greene,,,,,,,,,,,,
Hawaii,15,1,,,Congressional District 1,House,3,solid-D,,,,Ed Case,Ed Case,,,,,,,,,,,,,
Hawaii,15,2,,,Congressional District 2,House,3,solid-D,,,,Jill Tokuda,Jill Tokuda,,,,,,,,,,,,,
Idaho,16,1,,,Congressional District 1,House,3,solid-R,,,,Russ Fulcher,,Russ Fulcher,,,,,,,,,,,,
Idaho,16,2,,,Congressional District 2,House,3,solid-R,,,,Mike Simpson,,Mike Simpson,,,,,,,,,,,,
Illinois,17,1,,,Congressional District 1,House,3,solid-D,,,,Jonathan Jackson,Jonathan Jackson,,,,,,,,,,,,,
Illinois,17,2,,,Congressional District 2,House,3,solid-D,,,,Robin Kelly,Robin Kelly,,,,,,,,,,,,,
Illinois,17,3,,,Congressional District 3,House,3,solid-D,,,,Delia Ramirez,Delia Ramirez,,,,,,,,,,,,,
Illinois,17,4,,,Congressional District 4,House,3,solid-D,,,,Chuy Garcia,Chuy Garcia,,,,,,,,,,Added to Ballotpedia battleground list March 6 2026,,,Yes
Illinois,17,5,,,Congressional District 5,House,3,solid-D,,,,Mike Quigley,Mike Quigley,,,,,,,,,,,,,
Illinois,17,6,,,Congressional District 6,House,3,solid-D,,,,Sean Casten,Sean Casten,,,,,,,,,,,,,
Illinois,17,7,,,Congressional District 7,House,3,solid-D,,,,Danny K. Davis,Danny K. Davis,,,,,,,,,,,,,
Illinois,17,8,,,Congressional District 8,House,3,solid-D,,,,Raja Krishnamoorthi,Raja Krishnamoorthi,,,,,,,,,,,,,
Illinois,17,9,,,Congressional District 9,House,3,solid-D,,,,Jan Schakowsky,Jan Schakowsky,,,,,,,,,,,,,
Illinois,17,10,,,Congressional District 10,House,3,solid-D,,,,Brad Schneider,Brad Schneider,,,,,,,,,,,,,
Illinois,17,11,,,Congressional District 11,House,3,solid-D,,,,Bill Foster,Bill Foster,,,,,,,,,,,,,
Illinois,17,12,,,Congressional District 12,House,3,solid-R,,,,Mike Bost,,Mike Bost,,,,,,,,,,,,
Illinois,17,13,,,Congressional District 13,House,3,solid-R,,,,Nikki Budzinski,,Nikki Budzinski,,,,,,,,,,,,
Illinois,17,14,,,Congressional District 14,House,3,solid-R,,,,Lauren Underwood,,Lauren Underwood,,,,,,,,,,,,
Illinois,17,15,,,Congressional District 15,House,3,solid-R,,,,Mary Miller,,Mary Miller,,,,,,,,,,,,
Illinois,17,16,,,Congressional District 16,House,3,solid-R,,,,Darin LaHood,,Darin LaHood,,,,,,,,,,,,
Illinois,17,17,,,Congressional District 17,House,3,solid-D,,,,Eric Sorensen,Eric Sorensen,,,,,,,,,,,,,
Indiana,18,1,,,Congressional District 1,House,46,lean-D,,,,Frank Mrvan,Frank Mrvan,TBD,,,,,,,,,Frank Mrvan (D inc.) survived; IN redistricting blocked by state senators (those senators now purged by Trump in May 5 primary); lean-D,,,
Indiana,18,2,,,Congressional District 2,House,3,solid-R,,,,Rudy Yakym,,Rudy Yakym,,,,,,,,,,,,
Indiana,18,3,,,Congressional District 3,House,3,solid-R,,,,Marlin Stutzman,,Marlin Stutzman,,,,,,,,,,,,
Indiana,18,4,,,Congressional District 4,House,3,solid-R,,,,Jim Baird,,Jim Baird,,,,,,,,,,,,
Indiana,18,5,,,Congressional District 5,House,3,solid-R,,,,Victoria Spartz,,Victoria Spartz,,,,,,,,,,,,
Indiana,18,6,,,Congressional District 6,House,3,solid-R,,,,Jefferson Shreve,,Jefferson Shreve,,,,,,,,,,,,
Indiana,18,7,,,Congressional District 7,House,3,solid-D,,,,André Carson,André Carson,,,,,,,,,,,,,
Indiana,18,8,,,Congressional District 8,House,3,solid-R,,,,Mark Messmer,,Mark Messmer,,,,,,,,,,,,
Indiana,18,9,,,Congressional District 9,House,3,solid-R,,,,Erin Houchin,,Erin Houchin,,,,,,,,,,,,
Iowa,19,1,,,Congressional District 1,House,53,lean-R,,,,Mariannette Miller-Meeks,TBD,Mariannette Miller-Meeks,,,,,,,,,DCCC target,,,Yes
Iowa,19,2,,,Congressional District 2,House,65,lean-R,,,,Open (Ashley Hinson running for Senate),TBD,TBD,,,,,,,,,Open seat; Hinson running for Senate,,,
Iowa,19,3,,,Congressional District 3,House,46,lean-R,,,,Zach Nunn,TBD,Zach Nunn,,,,,,,,,DCCC target,,,Yes
Iowa,19,4,,,Congressional District 4,House,3,solid-R,,,,Randy Feenstra,,Randy Feenstra,,,,,,,,,,,,
Kansas,20,1,,,Congressional District 1,House,3,solid-R,,,,Tracey Mann,,Tracey Mann,,,,,,,,,,,,
Kansas,20,2,,,Congressional District 2,House,3,solid-R,,,,Jake LaTurner,,Jake LaTurner,,,,,,,,,,,,
Kansas,20,3,,,Congressional District 3,House,3,solid-D,,,,Sharice Davids,Sharice Davids,,,,,,,,,,,,,
Kansas,20,4,,,Congressional District 4,House,3,solid-R,,,,Ron Estes,,Ron Estes,,,,,,,,,,,,
Kentucky,21,1,,,Congressional District 1,House,3,solid-R,,,,James Comer,,James Comer,,,,,,,,,,,,
Kentucky,21,2,,,Congressional District 2,House,3,solid-R,,,,Brett Guthrie,,Brett Guthrie,,,,,,,,,,,,
Kentucky,21,3,,,Congressional District 3,House,3,solid-D,,,,Morgan McGarvey,Morgan McGarvey,,,,,,,,,,,,,
Kentucky,21,4,,,Congressional District 4,House,3,solid-R,,,,Thomas Massie,,Thomas Massie,,,,,,,,,,,,
Kentucky,21,5,,,Congressional District 5,House,3,solid-R,,,,Harold Rogers,,Harold Rogers,,,,,,,,,,,,
Kentucky,21,6,,,Congressional District 6,House,42,lean-R,,,,Open (Andy Barr running for U.S. Senate),TBD,TBD,,,,,,,,,Open seat; Barr running for KY Senate seat; DCCC target,,,
Louisiana,22,1,,,Congressional District 1,House,3,solid-R,,,,Steve Scalise,,Steve Scalise,,,,,,,,,,,,
Louisiana,22,2,,,Congressional District 2,House,3,solid-D,,,,Troy Carter,Troy Carter,,,,,,,,,,,,,
Louisiana,22,3,,,Congressional District 3,House,3,solid-R,,,,Clay Higgins,,Clay Higgins,,,,,,,,,,,,
Louisiana,22,4,,,Congressional District 4,House,3,solid-R,,,,Mike Johnson,,Mike Johnson,,,,,,,,,,,,
Louisiana,22,5,,,Congressional District 5,House,3,solid-R,,,,Julia Letlow,,Julia Letlow,,,,,,,,,,,,
Louisiana,22,6,,,Congressional District 6,House,3,solid-R,,,,Garret Graves,,Garret Graves,,,,,,,,,,,,
Maine,23,1,,,Congressional District 1,House,3,solid-D,,,,Chellie Pingree,Chellie Pingree,,,,,,,,,,,,,
Maine,23,2,,,Congressional District 2,House,99,toss-up,,,,Open (Jared Golden not running),TBD,TBD,,,,,,,,,Open seat; NRCC target; DCCC frontline,,,Yes
Maryland,24,1,,,Congressional District 1,House,3,solid-R,,,,Andy Harris,,Andy Harris,,,,,,,,,,,,
Maryland,24,2,,,Congressional District 2,House,3,solid-D,,,,Dutch Ruppersberger,Dutch Ruppersberger,,,,,,,,,,,,,
Maryland,24,3,,,Congressional District 3,House,3,solid-D,,,,Sarah Elfreth,Sarah Elfreth,,,,,,,,,,,,,
Maryland,24,4,,,Congressional District 4,House,3,solid-D,,,,Glenn Ivey,Glenn Ivey,,,,,,,,,,,,,
Maryland,24,5,,,Congressional District 5,House,3,solid-D,,,,Steny Hoyer,Steny Hoyer,,,,,,,,,,,,,
Maryland,24,6,,,Congressional District 6,House,3,solid-D,,,,David Trone,David Trone,,,,,,,,,,,,,
Maryland,24,7,,,Congressional District 7,House,3,solid-D,,,,Kweisi Mfume,Kweisi Mfume,,,,,,,,,,,,,
Maryland,24,8,,,Congressional District 8,House,3,solid-D,,,,Jamie Raskin,Jamie Raskin,,,,,,,,,,,,,
Massachusetts,25,1,,,Congressional District 1,House,3,solid-D,,,,Richard Neal,Richard Neal,,,,,,,,,,,,,
Massachusetts,25,2,,,Congressional District 2,House,3,solid-D,,,,Jim McGovern,Jim McGovern,,,,,,,,,,,,,
Massachusetts,25,3,,,Congressional District 3,House,3,solid-D,,,,Lori Trahan,Lori Trahan,,,,,,,,,,,,,
Massachusetts,25,4,,,Congressional District 4,House,3,solid-D,,,,Jake Auchincloss,Jake Auchincloss,,,,,,,,,,,,,
Massachusetts,25,5,,,Congressional District 5,House,3,solid-D,,,,Katherine Clark,Katherine Clark,,,,,,,,,,,,,
Massachusetts,25,6,,,Congressional District 6,House,3,solid-D,,,,Seth Moulton,Seth Moulton,,,,,,,,,,,,,
Massachusetts,25,7,,,Congressional District 7,House,3,solid-D,,,,Ayanna Pressley,Ayanna Pressley,,,,,,,,,,,,,
Massachusetts,25,8,,,Congressional District 8,House,3,solid-D,,,,Stephen Lynch,Stephen Lynch,,,,,,,,,,,,,
Massachusetts,25,9,,,Congressional District 9,House,3,solid-D,,,,Bill Keating,Bill Keating,,,,,,,,,,,,,
Michigan,26,1,,,Congressional District 1,House,3,solid-R,,,,Jack Bergman,,Jack Bergman,,,,,,,,,,,,
Michigan,26,2,,,Congressional District 2,House,3,solid-R,,,,John Moolenaar,,John Moolenaar,,,,,,,,,,,,
Michigan,26,3,,,Congressional District 3,House,3,solid-D,,,,Hillary Scholten,Hillary Scholten,,,,,,,,,,,,,
Michigan,26,4,,,Congressional District 4,House,57,lean-R,,,,Bill Huizenga,TBD,Bill Huizenga,,,,,,,,,DCCC target,,,
Michigan,26,5,,,Congressional District 5,House,3,solid-D,,,,Tim Walberg,Tim Walberg,,,,,,,,,,,,,
Michigan,26,6,,,Congressional District 6,House,3,solid-D,,,,Debbie Dingell,Debbie Dingell,,,,,,,,,,,,,
Michigan,26,7,,,Congressional District 7,House,98,toss-up,,,,Tom Barrett,TBD,Tom Barrett,,,,,,,,,DCCC target,,,Yes
Michigan,26,8,,,Congressional District 8,House,41,lean-D,,,,Kristen McDonald Rivet,Kristen McDonald Rivet,TBD,,,,,,,,,NRCC target; DCCC frontline,,,Yes
Michigan,26,9,,,Congressional District 9,House,3,solid-D,,,,Lisa McClain,Lisa McClain,,,,,,,,,,,,,
Michigan,26,10,,,Congressional District 10,House,66,lean-R,,,,Open (John James running for Governor),TBD,TBD,,,,,,,,,Open seat; James running for MI Governor; DCCC target,,,Yes
Michigan,26,11,,,Congressional District 11,House,3,solid-D,,,,Haley Stevens,Haley Stevens,,,,,,,,,,,,,
Michigan,26,12,,,Congressional District 12,House,3,solid-D,,,,Rashida Tlaib,Rashida Tlaib,,,,,,,,,,,,,
Michigan,26,13,,,Congressional District 13,House,3,solid-D,,,,Shri Thanedar,Shri Thanedar,,,,,,,,,,,,,
Minnesota,27,1,,,Congressional District 1,House,49,lean-R,,,,Brad Finstad,TBD,Brad Finstad,,,,,,,,,DCCC target; added Feb 2026,,,
Minnesota,27,2,,,Congressional District 2,House,3,solid-R,,,,Angie Craig,,Angie Craig,,,,,,,,,,,,
Minnesota,27,3,,,Congressional District 3,House,3,solid-D,,,,Kelly Morrison,Kelly Morrison,,,,,,,,,,,,,
Minnesota,27,4,,,Congressional District 4,House,3,solid-D,,,,Betty McCollum,Betty McCollum,,,,,,,,,,,,,
Minnesota,27,5,,,Congressional District 5,House,3,solid-D,,,,Ilhan Omar,Ilhan Omar,,,,,,,,,,,,,
Minnesota,27,6,,,Congressional District 6,House,3,solid-R,,,,Tom Emmer,,Tom Emmer,,,,,,,,,,,,
Minnesota,27,7,,,Congressional District 7,House,3,solid-R,,,,Michelle Fischbach,,Michelle Fischbach,,,,,,,,,,,,
Minnesota,27,8,,,Congressional District 8,House,3,solid-R,,,,Pete Stauber,,Pete Stauber,,,,,,,,,,,,
Mississippi,28,1,,,Congressional District 1,House,3,solid-R,,,,Trent Kelly,,Trent Kelly,,,,,,,,,,,,
Mississippi,28,2,,,Congressional District 2,House,3,solid-D,,,,Bennie Thompson,Bennie Thompson,,,,,,,,,,,,,
Mississippi,28,3,,,Congressional District 3,House,3,solid-R,,,,Michael Guest,,Michael Guest,,,,,,,,,,,,
Mississippi,28,4,,,Congressional District 4,House,3,solid-R,,,,Mike Ezell,,Mike Ezell,,,,,,,,,,,,
Missouri,29,1,,,Congressional District 1,House,3,solid-D,,,,Cori Bush,Cori Bush,,,,,,,,,,,,,
Missouri,29,2,,,Congressional District 2,House,41,lean-R,,,,Ann Wagner,TBD,Ann Wagner,,,,,,,,,DCCC target,,,
Missouri,29,3,,,Congressional District 3,House,3,solid-R,,,,Blaine Luetkemeyer,,Blaine Luetkemeyer,,,,,,,,,,,,
Missouri,29,4,,,Congressional District 4,House,3,solid-R,,,,Mark Alford,,Mark Alford,,,,,,,,,,,,
Missouri,29,5,,,Congressional District 5,House,3,solid-D,,,,Emanuel Cleaver,Emanuel Cleaver,,,,,,,,,,,,,
Missouri,29,6,,,Congressional District 6,House,3,solid-R,,,,Sam Graves,,Sam Graves,,,,,,,,,,,,
Missouri,29,7,,,Congressional District 7,House,3,solid-R,,,,Eric Burlison,,Eric Burlison,,,,,,,,,,,,
Missouri,29,8,,,Congressional District 8,House,3,solid-R,,,,Jason Smith,,Jason Smith,,,,,,,,,,,,
Montana,30,1,,,Congressional District 1,House,59,lean-R,,,,Ryan Zinke,TBD,Ryan Zinke,,,,,,,,,DCCC target; added Feb 2026,,,
Montana,30,2,,,Congressional District 2,House,3,solid-R,,,,Troy Downing,,Troy Downing,,,,,,,,,,,,
Nebraska,31,1,,,Congressional District 1,House,3,solid-R,,,,Mike Flood,,Mike Flood,,,,,,,,,,,,
Nebraska,31,2,,,Congressional District 2,House,100,toss-up,,,,Open (Don Bacon retired),TBD,TBD,,,,,,,,,Open seat; DCCC target,,,Yes
Nebraska,31,3,,,Congressional District 3,House,3,solid-R,,,,Adrian Smith,,Adrian Smith,,,,,,,,,,,,
Nevada,32,1,,,Congressional District 1,House,35,lean-D,,,,Dina Titus,Dina Titus,TBD,,,,,,,,,NRCC target; DCCC frontline,,,
Nevada,32,2,,,Congressional District 2,House,3,solid-R,,,,Mark Amodei,,Mark Amodei,,,,,,,,,,,,
Nevada,32,3,,,Congressional District 3,House,63,lean-D,,,,Susie Lee,Susie Lee,TBD,,,,,,,,,NRCC target; DCCC frontline,,,Yes
Nevada,32,4,,,Congressional District 4,House,57,lean-D,,,,Steven Horsford,Steven Horsford,TBD,,,,,,,,,NRCC target; DCCC frontline,,,
New Hampshire,33,1,,,Congressional District 1,House,100,toss-up,,,,Open (Chris Pappas running for Senate),TBD,TBD,,,,,,,,,Open seat; NRCC target,,,
New Hampshire,33,2,,,Congressional District 2,House,3,solid-D,,,,Annie Kuster,Annie Kuster,,,,,,,,,,,,,
New Jersey,34,1,,,Congressional District 1,House,3,solid-D,,,,Donald Norcross,Donald Norcross,,,,,,,,,,,,,
New Jersey,34,2,,,Congressional District 2,House,3,solid-R,,,,Jeff Van Drew,,Jeff Van Drew,,,,,,,,,,,,
New Jersey,34,3,,,Congressional District 3,House,3,solid-D,,,,Andy Kim,Andy Kim,,,,,,,,,,,,,
New Jersey,34,4,,,Congressional District 4,House,3,solid-R,,,,Christopher Smith,,Christopher Smith,,,,,,,,,,,,
New Jersey,34,5,,,Congressional District 5,House,3,solid-D,,,,Josh Gottheimer,Josh Gottheimer,,,,,,,,,,,,,
New Jersey,34,6,,,Congressional District 6,House,3,solid-D,,,,Frank Pallone,Frank Pallone,,,,,,,,,,,,,
New Jersey,34,7,,,Congressional District 7,House,99,toss-up,,,,Thomas Kean Jr.,TBD,Thomas Kean Jr.,,,,,,,,,DCCC target,,,Yes
New Jersey,34,8,,,Congressional District 8,House,3,solid-D,,,,Rob Menendez,Rob Menendez,,,,,,,,,,,,,
New Jersey,34,9,,,Congressional District 9,House,8,likely-D,,,,Nellie Pou,Nellie Pou,TBD,,,,,,,,,Cook Apr 7: Lean D -> Likely D; Nellie Pou incumbent,,,Yes
New Jersey,34,10,,,Congressional District 10,House,3,solid-D,,,,LaMonica McIver,LaMonica McIver,,,,,,,,,,,,,
New Jersey,34,11,,,Congressional District 11,House,3,solid-D,,,,"Analilia Mejia (won Apr 16, 2026 special)",Analilia Mejia,,,,,,,,,,Sherrill resigned after winning NJ gov; Mejia won April 16 2026 special; now running for full term,,,
New Jersey,34,12,,,Congressional District 12,House,3,solid-D,,,,Open (Watson Coleman retiring),"TBD (primary June 2: Altman, Cohen, Hamawy, Mapp, Reynolds-Jackson, Robinson, Vaingankar +6 more)",Gregg Mele,,,,,,,,,Open seat D+13; 13 D primary candidates; primary June 2 2026; Solid/Safe D per Cook/Sabato,,,
New Mexico,35,1,,,Congressional District 1,House,3,solid-D,,,,Melanie Stansbury,Melanie Stansbury,,,,,,,,,,,,,
New Mexico,35,2,,,Congressional District 2,House,45,lean-D,,,,Gabe Vasquez,Gabe Vasquez,TBD,,,,,,,,,NRCC target; DCCC frontline,,,Yes
New Mexico,35,3,,,Congressional District 3,House,3,solid-D,,,,Teresa Leger Fernández,Teresa Leger Fernández,,,,,,,,,,,,,
New York,36,1,,,Congressional District 1,House,3,solid-R,,,,Nick LaLota,,Nick LaLota,,,,,,,,,,,,
New York,36,2,,,Congressional District 2,House,3,solid-R,,,,Andrew Garbarino,,Andrew Garbarino,,,,,,,,,,,,
New York,36,3,,,Congressional District 3,House,60,lean-D,,,,Tom Suozzi,Tom Suozzi,TBD,,,,,,,,,NRCC target; DCCC frontline,,,Yes
New York,36,4,,,Congressional District 4,House,49,lean-D,,,,Laura Gillen,Laura Gillen,TBD,,,,,,,,,NRCC target; DCCC frontline,,,Yes
New York,36,5,,,Congressional District 5,House,3,solid-D,,,,Gregory Meeks,Gregory Meeks,,,,,,,,,,,,,
New York,36,6,,,Congressional District 6,House,3,solid-D,,,,Grace Meng,Grace Meng,,,,,,,,,,,,,
New York,36,7,,,Congressional District 7,House,3,solid-D,,,,Nydia Velázquez,Nydia Velázquez,,,,,,,,,,,,,
New York,36,8,,,Congressional District 8,House,3,solid-D,,,,Hakeem Jeffries,Hakeem Jeffries,,,,,,,,,,,,,
New York,36,9,,,Congressional District 9,House,3,solid-D,,,,Yvette Clarke,Yvette Clarke,,,,,,,,,,,,,
New York,36,10,,,Congressional District 10,House,3,solid-D,,,,Dan Goldman,Dan Goldman,,,,,,,,,,,,,
New York,36,11,,,Congressional District 11,House,3,solid-R,,,,Nicole Malliotakis,,Nicole Malliotakis,,,,,,,,,,,,
New York,36,12,,,Congressional District 12,House,3,solid-D,,,,Jerry Nadler,Jerry Nadler,,,,,,,,,,,,,
New York,36,13,,,Congressional District 13,House,3,solid-D,,,,Adriano Espaillat,Adriano Espaillat,,,,,,,,,,,,,
New York,36,14,,,Congressional District 14,House,3,solid-D,,,,Alexandria Ocasio-Cortez,Alexandria Ocasio-Cortez,,,,,,,,,,,,,
New York,36,15,,,Congressional District 15,House,3,solid-D,,,,Ritchie Torres,Ritchie Torres,,,,,,,,,,,,,
New York,36,16,,,Congressional District 16,House,3,solid-D,,,,George Latimer,George Latimer,,,,,,,,,,,,,
New York,36,17,,,Congressional District 17,House,97,toss-up,,,,Mike Lawler,TBD,Mike Lawler,,,,,,,,,DCCC target,,,Yes
New York,36,18,,,Congressional District 18,House,3,solid-D,,,,Pat Ryan,Pat Ryan,,,,,,,,,,,,,
New York,36,19,,,Congressional District 19,House,66,lean-D,,,,Josh Riley,Josh Riley,TBD,,,,,,,,,NRCC target; DCCC frontline,,,Yes
New York,36,20,,,Congressional District 20,House,3,solid-D,,,,Paul Tonko,Paul Tonko,,,,,,,,,,,,,
New York,36,21,,,Congressional District 21,House,3,solid-R,,,,Elise Stefanik,,Elise Stefanik,,,,,,,,,,,,
New York,36,22,,,Congressional District 22,House,3,solid-R,,,,Brandon Williams,,Brandon Williams,,,,,,,,,,,,
New York,36,23,,,Congressional District 23,House,3,solid-R,,,,George Santos replacement / TBD,,George Santos replacement / TBD,,,,,,,,,,,,
New York,36,24,,,Congressional District 24,House,3,solid-R,,,,Claudia Tenney,,Claudia Tenney,,,,,,,,,,,,
New York,36,25,,,Congressional District 25,House,3,solid-D,,,,Joe Morelle,Joe Morelle,,,,,,,,,,,,,
New York,36,26,,,Congressional District 26,House,3,solid-D,,,,Tim Kennedy,Tim Kennedy,,,,,,,,,,,,,
North Carolina,37,1,,,Congressional District 1,House,53,lean-D,,,,Don Davis,Don Davis,TBD,,,,,,,,,NRCC target; DCCC frontline,,,Yes
North Carolina,37,2,,,Congressional District 2,House,3,solid-R,,,,Tim Moore,,Tim Moore,,,,,,,,,,,,
North Carolina,37,3,,,Congressional District 3,House,52,lean-R,,,,Greg Murphy,TBD,Greg Murphy,,,,,,,,,DCCC target; added Dec 2025,,,
North Carolina,37,4,,,Congressional District 4,House,3,solid-D,,,,Valerie Foushee,Valerie Foushee,,,,,,,,,,,,,
North Carolina,37,5,,,Congressional District 5,House,3,solid-R,,,,Virginia Foxx,,Virginia Foxx,,,,,,,,,,,,
North Carolina,37,6,,,Congressional District 6,House,3,solid-D,,,,Addison McDowell,Addison McDowell,,,,,,,,,,,,,
North Carolina,37,7,,,Congressional District 7,House,3,solid-R,,,,David Rouzer,,David Rouzer,,,,,,,,,,,,
North Carolina,37,8,,,Congressional District 8,House,3,solid-R,,,,Mark Harris,,Mark Harris,,,,,,,,,,,,
North Carolina,37,9,,,Congressional District 9,House,3,solid-R,,,,Richard Hudson,,Richard Hudson,,,,,,,,,,,,
North Carolina,37,10,,,Congressional District 10,House,3,solid-R,,,,Patrick McHenry,,Patrick McHenry,,,,,,,,,,,,
North Carolina,37,11,,,Congressional District 11,House,62,lean-R,,,,Chuck Edwards,TBD,Chuck Edwards,,,,,,,,,DCCC target; added Dec 2025,,,
North Carolina,37,12,,,Congressional District 12,House,3,solid-D,,,,Alma Adams,Alma Adams,,,,,,,,,,,,,
North Carolina,37,13,,,Congressional District 13,House,3,solid-R,,,,Jeff Jackson,,Jeff Jackson,,,,,,,,,,,,
North Carolina,37,14,,,Congressional District 14,House,3,solid-R,,,,Tim Moore,,Tim Moore,,,,,,,,,,,,
North Dakota,38,1,,,Congressional District 1,House,3,solid-R,,,,Julie Fedorchak,,Julie Fedorchak,,,,,,,,,,,,
Ohio,39,1,,,Congressional District 1,House,38,lean-D,,,,Brad Wenstrup,,Brad Wenstrup,,,,,,,,,Cook Apr 7: Toss-up -> Lean D,,,
Ohio,39,2,,,Congressional District 2,House,3,solid-R,,,,Open,,Open,,,,,,,,,,,,
Ohio,39,3,,,Congressional District 3,House,3,solid-D,,,,Joyce Beatty,Joyce Beatty,,,,,,,,,,,,,
Ohio,39,4,,,Congressional District 4,House,3,solid-R,,,,Jim Jordan,,Jim Jordan,,,,,,,,,,,,
Ohio,39,5,,,Congressional District 5,House,3,solid-R,,,,Bob Latta,,Bob Latta,,,,,,,,,,,,
Ohio,39,6,,,Congressional District 6,House,3,solid-R,,,,Bill Johnson,,Bill Johnson,,,,,,,,,,,,
Ohio,39,7,,,Congressional District 7,House,56,lean-R,,,,Max Miller,TBD,Max Miller,,,,,,,,,DCCC target,,,
Ohio,39,8,,,Congressional District 8,House,3,solid-R,,,,Warren Davidson,,Warren Davidson,,,,,,,,,,,,
Ohio,39,9,,,Congressional District 9,House,54,lean-D,,,,Marcy Kaptur,Marcy Kaptur,"Derek Merrin (won R primary May 5, 2026)",,,,,,,,,Derek Merrin won R primary May 5; lean-D for Kaptur-area district; competitive,,,Yes
Ohio,39,10,,,Congressional District 10,House,45,lean-R,,,,Mike Turner,TBD,Mike Turner,,,,,,,,,DCCC target,,,
Ohio,39,11,,,Congressional District 11,House,3,solid-D,,,,Shontel Brown,Shontel Brown,,,,,,,,,,,,,
Ohio,39,12,,,Congressional District 12,House,3,solid-R,,,,Troy Balderson,,Troy Balderson,,,,,,,,,,,,
Ohio,39,13,,,Congressional District 13,House,11,likely-D,,,,Emilia Sykes,Emilia Sykes,TBD,,,,,,,,,Cook Apr 7: Lean D -> Likely D,,,Yes
Ohio,39,14,,,Congressional District 14,House,3,solid-R,,,,David Joyce,,David Joyce,,,,,,,,,,,,
Ohio,39,15,,,Congressional District 15,House,50,lean-R,,,,Mike Carey,TBD,Mike Carey,,,,,,,,,DCCC target,,,
Oklahoma,40,1,,,Congressional District 1,House,3,solid-R,,,,Kevin Hern,,Kevin Hern,,,,,,,,,,,,
Oklahoma,40,2,,,Congressional District 2,House,3,solid-R,,,,Josh Breechen,,Josh Breechen,,,,,,,,,,,,
Oklahoma,40,3,,,Congressional District 3,House,3,solid-R,,,,Frank Lucas,,Frank Lucas,,,,,,,,,,,,
Oklahoma,40,4,,,Congressional District 4,House,3,solid-R,,,,Tom Cole,,Tom Cole,,,,,,,,,,,,
Oklahoma,40,5,,,Congressional District 5,House,3,solid-D,,,,Stephanie Bice,Stephanie Bice,,,,,,,,,,,,,
Oregon,41,1,,,Congressional District 1,House,3,solid-D,,,,Suzanne Bonamici,Suzanne Bonamici,,,,,,,,,,,,,
Oregon,41,2,,,Congressional District 2,House,3,solid-R,,,,Cliff Bentz,,Cliff Bentz,,,,,,,,,,,,
Oregon,41,3,,,Congressional District 3,House,3,solid-D,,,,Maxine Dexter,Maxine Dexter,,,,,,,,,,,,,
Oregon,41,4,,,Congressional District 4,House,3,solid-D,,,,Val Hoyle,Val Hoyle,,,,,,,,,,,,,
Oregon,41,5,,,Congressional District 5,House,3,solid-D,,,,Janelle Bynum,Janelle Bynum,,,,,,,,,,,,,
Oregon,41,6,,,Congressional District 6,House,3,solid-D,,,,Andrea Salinas,Andrea Salinas,,,,,,,,,,,,,
Pennsylvania,42,1,,,Congressional District 1,House,40,lean-R,,,,Brian Fitzpatrick,TBD,Brian Fitzpatrick,,,,,,,,,DCCC target,,,
Pennsylvania,42,2,,,Congressional District 2,House,3,solid-D,,,,Brendan Boyle,Brendan Boyle,,,,,,,,,,,,,
Pennsylvania,42,3,,,Congressional District 3,House,3,solid-D,,,,Dwight Evans,Dwight Evans,,,,,,,,,,,,,
Pennsylvania,42,4,,,Congressional District 4,House,3,solid-D,,,,Madeleine Dean,Madeleine Dean,,,,,,,,,,,,,
Pennsylvania,42,5,,,Congressional District 5,House,3,solid-D,,,,Mary Gay Scanlon,Mary Gay Scanlon,,,,,,,,,,,,,
Pennsylvania,42,6,,,Congressional District 6,House,3,solid-D,,,,Chrissy Houlahan,Chrissy Houlahan,,,,,,,,,,,,,
Pennsylvania,42,7,,,Congressional District 7,House,96,toss-up,,,,Ryan Mackenzie,TBD,Ryan Mackenzie,,,,,,,,,DCCC target,,,Yes
Pennsylvania,42,8,,,Congressional District 8,House,100,toss-up,,,,Rob Bresnahan,TBD,Rob Bresnahan,,,,,,,,,Cook Apr 7: Lean R -> Toss-up,,,Yes
Pennsylvania,42,9,,,Congressional District 9,House,3,solid-R,,,,Dan Meuser,,Dan Meuser,,,,,,,,,,,,
Pennsylvania,42,10,,,Congressional District 10,House,54,lean-R,,,,Scott Perry,TBD,Scott Perry,,,,,,,,,DCCC target,,,Yes
Pennsylvania,42,11,,,Congressional District 11,House,3,solid-R,,,,Lloyd Smucker,,Lloyd Smucker,,,,,,,,,,,,
Pennsylvania,42,12,,,Congressional District 12,House,3,solid-D,,,,Summer Lee,Summer Lee,,,,,,,,,,,,,
Pennsylvania,42,13,,,Congressional District 13,House,3,solid-R,,,,John Joyce,,John Joyce,,,,,,,,,,,,
Pennsylvania,42,14,,,Congressional District 14,House,3,solid-R,,,,Guy Reschenthaler,,Guy Reschenthaler,,,,,,,,,,,,
Pennsylvania,42,15,,,Congressional District 15,House,3,solid-R,,,,Glenn Thompson,,Glenn Thompson,,,,,,,,,,,,
Pennsylvania,42,16,,,Congressional District 16,House,3,solid-R,,,,Mike Kelly,,Mike Kelly,,,,,,,,,,,,
Pennsylvania,42,17,,,Congressional District 17,House,3,solid-D,,,,Chris Deluzio,Chris Deluzio,,,,,,,,,,,,,
Rhode Island,44,1,,,Congressional District 1,House,3,solid-D,,,,Gabe Amo,Gabe Amo,,,,,,,,,,,,,
Rhode Island,44,2,,,Congressional District 2,House,3,solid-D,,,,Seth Magaziner,Seth Magaziner,,,,,,,,,,,,,
South Carolina,45,1,,,Congressional District 1,House,60,lean-R,,,,Open,TBD,TBD,,,,,,,,,Open seat; added Feb 2026,,,
South Carolina,45,2,,,Congressional District 2,House,3,solid-R,,,,Joe Wilson,,Joe Wilson,,,,,,,,,,,,
South Carolina,45,3,,,Congressional District 3,House,3,solid-R,,,,Jeff Duncan,,Jeff Duncan,,,,,,,,,,,,
South Carolina,45,4,,,Congressional District 4,House,3,solid-R,,,,William Timmons,,William Timmons,,,,,,,,,,,,
South Carolina,45,5,,,Congressional District 5,House,3,solid-R,,,,Ralph Norman,,Ralph Norman,,,,,,,,,,,,
South Carolina,45,6,,,Congressional District 6,House,3,solid-D,,,,Jim Clyburn,Jim Clyburn,,,,,,,,,,,,,
South Carolina,45,7,,,Congressional District 7,House,3,solid-R,,,,Russell Fry,,Russell Fry,,,,,,,,,,,,
South Dakota,46,1,,,Congressional District 1,House,3,solid-R,,,,Dusty Johnson,,Dusty Johnson,,,,,,,,,,,,
Tennessee,47,1,,,Congressional District 1,House,3,solid-R,,,,Diana Harshbarger,,Diana Harshbarger,,,,,,,,,,,,
Tennessee,47,2,,,Congressional District 2,House,3,solid-R,,,,Tim Burchett,,Tim Burchett,,,,,,,,,,,,
Tennessee,47,3,,,Congressional District 3,House,3,solid-R,,,,Chuck Fleischmann,,Chuck Fleischmann,,,,,,,,,,,,
Tennessee,47,4,,,Congressional District 4,House,3,solid-R,,,,Scott DesJarlais,,Scott DesJarlais,,,,,,,,,,,,
Tennessee,47,5,,,Congressional District 5,House,47,lean-R,,,,Andy Ogles,TBD,Andy Ogles,,,,,,,,,DCCC target,,,
Tennessee,47,6,,,Congressional District 6,House,3,solid-R,,,,John Rose,,John Rose,,,,,,,,,,,,
Tennessee,47,7,,,Congressional District 7,House,3,solid-R,,,,Mark Green,,Mark Green,,,,,,,,,,,,
Tennessee,47,8,,,Congressional District 8,House,3,solid-R,,,,David Kustoff,,David Kustoff,,,,,,,,,,,,
Tennessee,47,9,,,Congressional District 9,House,3,solid-D,,,,Steve Cohen,Steve Cohen,,,,,,,,,,,,,
Texas,48,1,,,Congressional District 1,House,3,solid-R,,,,Nathaniel Moran,,Nathaniel Moran,,,,,,,,,,,,
Texas,48,2,,,Congressional District 2,House,3,solid-R,,,,Dan Crenshaw,,Dan Crenshaw,,,,,,,,,,,,
Texas,48,3,,,Congressional District 3,House,3,solid-R,,,,Keith Self,,Keith Self,,,,,,,,,,,,
Texas,48,4,,,Congressional District 4,House,3,solid-R,,,,Pat Fallon,,Pat Fallon,,,,,,,,,,,,
Texas,48,5,,,Congressional District 5,House,3,solid-R,,,,Lance Gooden,,Lance Gooden,,,,,,,,,,,,
Texas,48,6,,,Congressional District 6,House,3,solid-R,,,,Jake Ellzey,,Jake Ellzey,,,,,,,,,,,,
Texas,48,7,,,Congressional District 7,House,3,solid-D,,,,Al Green,Al Green,,,,,,,,,,,,,
Texas,48,8,,,Congressional District 8,House,3,solid-R,,,,Morgan Luttrell,,Morgan Luttrell,,,,,,,,,,,,
Texas,48,9,,,Congressional District 9,House,3,solid-D,,,,Al Green,Al Green,,,,,,,,,,,,,
Texas,48,10,,,Congressional District 10,House,3,solid-R,,,,Michael McCaul,,Michael McCaul,,,,,,,,,,,,
Texas,48,11,,,Congressional District 11,House,3,solid-R,,,,August Pfluger,,August Pfluger,,,,,,,,,,,,
Texas,48,12,,,Congressional District 12,House,3,solid-R,,,,Kay Granger,,Kay Granger,,,,,,,,,,,,
Texas,48,13,,,Congressional District 13,House,3,solid-R,,,,Ronny Jackson,,Ronny Jackson,,,,,,,,,,,,
Texas,48,14,,,Congressional District 14,House,3,solid-R,,,,Randy Weber,,Randy Weber,,,,,,,,,,,,
Texas,48,15,,,Congressional District 15,House,57,lean-R,,,,Monica De La Cruz,TBD,Monica De La Cruz,,,,,,,,,DCCC target,,,Yes
Texas,48,16,,,Congressional District 16,House,3,solid-D,,,,Veronica Escobar,Veronica Escobar,,,,,,,,,,,,,
Texas,48,17,,,Congressional District 17,House,3,solid-R,,,,Pete Sessions,,Pete Sessions,,,,,,,,,,,,
Texas,48,18,,,Congressional District 18,House,3,solid-D,,,,Sheila Jackson Lee,Sheila Jackson Lee,,,,,,,,,,,,,
Texas,48,19,,,Congressional District 19,House,3,solid-R,,,,Jodey Arrington,,Jodey Arrington,,,,,,,,,,,,
Texas,48,20,,,Congressional District 20,House,3,solid-D,,,,Joaquin Castro,Joaquin Castro,,,,,,,,,,,,,
Texas,48,21,,,Congressional District 21,House,3,solid-R,,,,Chip Roy,,Chip Roy,,,,,,,,,,,,
Texas,48,22,,,Congressional District 22,House,3,solid-R,,,,Troy Nehls,,Troy Nehls,,,,,,,,,,,,
Texas,48,23,,,Congressional District 23,House,3,solid-R,,,,Vacant (Gonzales resigned Apr 14 2026),,Tony Gonzales,,,,,,,,,Tony Gonzales resigned Apr 14; special election TBD; lean-R district,,,
Texas,48,24,,,Congressional District 24,House,3,solid-R,,,,Beth Van Duyne,,Beth Van Duyne,,,,,,,,,,,,
Texas,48,25,,,Congressional District 25,House,3,solid-R,,,,Roger Williams,,Roger Williams,,,,,,,,,,,,
Texas,48,26,,,Congressional District 26,House,3,solid-R,,,,Michael Burgess,,Michael Burgess,,,,,,,,,,,,
Texas,48,27,,,Congressional District 27,House,3,solid-R,,,,Michael Cloud,,Michael Cloud,,,,,,,,,,,,
Texas,48,28,,,Congressional District 28,House,65,lean-D,,,,Henry Cuellar,Henry Cuellar,TBD,,,,,,,,,NRCC target; DCCC frontline,,,Yes
Texas,48,29,,,Congressional District 29,House,3,solid-D,,,,Sylvia Garcia,Sylvia Garcia,,,,,,,,,,,,,
Texas,48,30,,,Congressional District 30,House,3,solid-D,,,,Jasmine Crockett,Jasmine Crockett,,,,,,,,,,,,,
Texas,48,31,,,Congressional District 31,House,3,solid-R,,,,John Carter,,John Carter,,,,,,,,,,,,
Texas,48,32,,,Congressional District 32,House,3,solid-D,,,,Colin Allred,Colin Allred,,,,,,,,,,,,,
Texas,48,33,,,Congressional District 33,House,3,solid-D,,,,Marc Veasey,Marc Veasey,,,,,,,,,,,,,
Texas,48,34,,,Congressional District 34,House,57,lean-D,,,,Vicente Gonzalez,Vicente Gonzalez,TBD,,,,,,,,,NRCC target; DCCC frontline,,,Yes
Texas,48,35,,,Congressional District 35,House,3,solid-D,,,,Lloyd Doggett,Lloyd Doggett,,,,,,,,,,,,,
Texas,48,36,,,Congressional District 36,House,3,solid-R,,,,Brian Babin,,Brian Babin,,,,,,,,,,,,
Texas,48,37,,,Congressional District 37,House,3,solid-D,,,,Lloyd Doggett,Lloyd Doggett,,,,,,,,,,,,,
Texas,48,38,,,Congressional District 38,House,3,solid-R,,,,Wesley Hunt,,Wesley Hunt,,,,,,,,,,,,
Utah,49,1,,,Congressional District 1,House,3,solid-R,,,,Blake Moore,,Blake Moore,,,,,,,,,,,,
Utah,49,2,,,Congressional District 2,House,3,solid-R,,,,Celeste Maloy,,Celeste Maloy,,,,,,,,,,,,
Utah,49,3,,,Congressional District 3,House,3,solid-R,,,,Mike Kennedy,,Mike Kennedy,,,,,,,,,,,,
Utah,49,4,,,Congressional District 4,House,3,solid-R,,,,Burgess Owens,,Burgess Owens,,,,,,,,,,,,
Vermont,50,1,,,Congressional District 1,House,3,solid-D,,,,Becca Balint,Becca Balint,,,,,,,,,,,,,
Virginia,51,1,,,Congressional District 1,House,16,likely-D,,,,Rob Wittman,TBD,Rob Wittman,,,,,,,,,⚠️ NEW MAP: VA redistrict passed Apr 21 2026 – redrawn to favor D; was lean-R,,,
Virginia,51,2,,,Congressional District 2,House,71,lean-D,,,,Jen Kiggans,TBD,Jen Kiggans,,,,,,,,,"⚠️ NEW MAP: VA redistrict passed Apr 21 2026 – was toss-up, now lean-D",,,Yes
Virginia,51,3,,,Congressional District 3,House,3,solid-D,,,,Bobby Scott,Bobby Scott,,,,,,,,,,,,,
Virginia,51,4,,,Congressional District 4,House,3,solid-D,,,,Jennifer McClellan,Jennifer McClellan,,,,,,,,,,,,,
Virginia,51,5,,,Congressional District 5,House,9,likely-D,,,,John McGuire,TBD,John McGuire,,,,,,,,,"⚠️ NEW MAP: VA redistrict passed Apr 21 2026 – was lean-R (McGuire), now likely-D",,,
Virginia,51,6,,,Congressional District 6,House,47,lean-D,,,,Ben Cline,,Ben Cline,,,,,,,,,"⚠️ NEW MAP: VA redistrict passed Apr 21 2026 – was solid-R (Cline), now lean-D",,,Yes
Virginia,51,7,,,Congressional District 7,House,3,solid-D,,,,Eugene Vindman,Eugene Vindman,TBD,,,,,,,,,"⚠️ NEW MAP: VA redistrict passed Apr 21 2026 – was lean-D, now solid-D; still Ballotpedia battleground",,,Yes (historical; now solid-D per new map)
Virginia,51,8,,,Congressional District 8,House,3,solid-D,,,,Don Beyer,Don Beyer,,,,,,,,,,,,,
Virginia,51,9,,,Congressional District 9,House,3,solid-R,,,,Morgan Griffith,,Morgan Griffith,,,,,,,,,,,,
Virginia,51,10,,,Congressional District 10,House,3,solid-D,,,,Suhas Subramanyam,Suhas Subramanyam,,,,,,,,,,,,,
Virginia,51,11,,,Congressional District 11,House,3,solid-D,,,,Gerry Connolly,Gerry Connolly,,,,,,,,,,,,,
Washington,53,1,,,Congressional District 1,House,3,solid-D,,,,Suzan DelBene,Suzan DelBene,,,,,,,,,,,,,
Washington,53,2,,,Congressional District 2,House,3,solid-D,,,,Rick Larsen,Rick Larsen,,,,,,,,,,,,,
Washington,53,3,,,Congressional District 3,House,99,toss-up,,,,Marie Gluesenkamp Perez,Marie Gluesenkamp Perez,TBD,,,,,,,,,NRCC target; DCCC frontline,,,Yes
Washington,53,4,,,Congressional District 4,House,3,solid-R,,,,Dan Newhouse,,Dan Newhouse,,,,,,,,,,,,
Washington,53,5,,,Congressional District 5,House,3,solid-R,,,,Cathy McMorris Rodgers,,Cathy McMorris Rodgers,,,,,,,,,,,,
Washington,53,6,,,Congressional District 6,House,3,solid-D,,,,Derek Kilmer,Derek Kilmer,,,,,,,,,,,,,
Washington,53,7,,,Congressional District 7,House,3,solid-D,,,,Pramila Jayapal,Pramila Jayapal,,,,,,,,,,,,,
Washington,53,8,,,Congressional District 8,House,3,solid-R,,,,Kim Schrier,,Kim Schrier,,,,,,,,,,,,
Washington,53,9,,,Congressional District 9,House,50,lean-D,,,,Adam Smith,Adam Smith,,,,,,,,,,,,,Yes
Washington,53,10,,,Congressional District 10,House,3,solid-D,,,,Marilyn Strickland,Marilyn Strickland,,,,,,,,,,,,,
West Virginia,54,1,,,Congressional District 1,House,3,solid-R,,,,Carol Miller,,Carol Miller,,,,,,,,,,,,
West Virginia,54,2,,,Congressional District 2,House,3,solid-R,,,,Alex Mooney,,Alex Mooney,,,,,,,,,,,,
Wisconsin,55,1,,,Congressional District 1,House,49,lean-R,,,,Bryan Steil,TBD,Bryan Steil,,,,,,,,,DCCC target,,,
Wisconsin,55,2,,,Congressional District 2,House,3,solid-D,,,,Mark Pocan,Mark Pocan,,,,,,,,,,,,,
Wisconsin,55,3,,,Congressional District 3,House,97,toss-up,,,,Derrick Van Orden,TBD,Derrick Van Orden,,,,,,,,,DCCC target,,,Yes
Wisconsin,55,4,,,Congressional District 4,House,3,solid-D,,,,Gwen Moore,Gwen Moore,,,,,,,,,,,,,
Wisconsin,55,5,,,Congressional District 5,House,3,solid-R,,,,Scott Fitzgerald,,Scott Fitzgerald,,,,,,,,,,,,
Wisconsin,55,6,,,Congressional District 6,House,3,solid-R,,,,Glenn Grothman,,Glenn Grothman,,,,,,,,,,,,
Wisconsin,55,7,,,Congressional District 7,House,3,solid-R,,,,Tom Tiffany,,Tom Tiffany,,,,,,,,,,,,
Wisconsin,55,8,,,Congressional District 8,House,3,solid-R,,,,Mike Gallagher,,Mike Gallagher,,,,,,,,,,,,
Wyoming,56,1,,,Congressional District 1,House,3,solid-R,,,,Harriet Hageman,,Harriet Hageman,,,,,,,,,,,,