state_name,state,congress,s_lower,s_upper,election_name,race_type,voter_power,D_running,R_running,D_link,R_link,cook_rating,incumbent,incumbent_status,notes
Alabama,1,,,,Alabama Secretary of State 2026,Secretary of State,3,,Wes Allen,,,solid-R,Wes Allen,running,
Arizona,4,,,,Arizona Secretary of State 2026,Secretary of State,77,Adrian Fontes,Alexander Kolodin,,,toss-up,Adrian Fontes,running,Fontes won 2022 by 52.4%; Kolodin (R AZ House) challenging
Arkansas,5,,,,Arkansas Secretary of State 2026,Secretary of State,3,TBD,Kim Hammer,,,solid-R,Cole Jester,appointed/ineligible,Thurston resigned; Jester appointed but ineligible full term; R primary: Hammer
California,6,,,,California Secretary of State 2026,Secretary of State,3,Shirley Weber,Don Wagner,,,solid-D,Shirley Weber,running,
Colorado,8,,,,Colorado Secretary of State 2026,Secretary of State,3,Amanda Gonzalez,TBD,,,solid-D,Jena Griswold,term-limited,Griswold TL; running for AG; open D seat
Connecticut,9,,,,Connecticut Secretary of State 2026,Secretary of State,3,Stephanie Thomas,TBD,,,solid-D,Stephanie Thomas,likely running,Thomas has not confirmed as of early 2026
Georgia,13,,,,Georgia Secretary of State 2026,Secretary of State,3,TBD,TBD,,,solid-R,Brad Raffensperger,running for Gov,Raffensperger running for Gov; open R SoS seat
Idaho,16,,,,Idaho Secretary of State 2026,Secretary of State,3,,Phil McGrane,,,solid-R,Phil McGrane,running,
Illinois,17,,,,Illinois Secretary of State 2026,Secretary of State,3,Alexi Giannoulias,TBD,,,solid-D,Alexi Giannoulias,running,
Indiana,18,,,,Indiana Secretary of State 2026,Secretary of State,56,Beau Bayh,Diego Morales,,,lean-R,Diego Morales,running,"Bayh (son of Evan Bayh) running D; Ballard (former R mayor, now I) also running"
Iowa,19,,,,Iowa Secretary of State 2026,Secretary of State,21,Ryan Peterman,Paul Pate,,,likely-R,Paul Pate,running,Pate won 2022 with 60%
Kansas,20,,,,Kansas Secretary of State 2026,Secretary of State,71,Samuel Lane,Pat Proctor,,,lean-R,Scott Schwab,running for Gov,Schwab running for Gov; open seat; D: Lane; R primary: Proctor vs. Rahjes
Massachusetts,25,,,,Massachusetts Secretary of State 2026,Secretary of State,3,William Galvin,TBD,,,solid-D,William Galvin,running,Galvin won 2022 with 67.7%
Michigan,26,,,,Michigan Secretary of State 2026,Secretary of State,66,Byrum/Hollier/Gilchrist,Forlini/Yatooma,,,toss-up,Jocelyn Benson,term-limited,Benson TL + running for Gov; competitive open seat
Minnesota,27,,,,Minnesota Secretary of State 2026,Secretary of State,17,Steve Simon,Tad Jude,,,likely-D,Steve Simon,running,Simon running for 4th term
Nebraska,31,,,,Nebraska Secretary of State 2026,Secretary of State,3,,Bob Evnen,,,solid-R,Bob Evnen,running,Evnen ran unopposed 2022
Nevada,32,,,,Nevada Secretary of State 2026,Secretary of State,100,Cisco Aguilar,TBD,,,toss-up,Cisco Aguilar,likely running,Aguilar won 2022 by 48.9%; narrowest margin; eligible but unconfirmed
New Mexico,35,,,,New Mexico Secretary of State 2026,Secretary of State,3,Maggie Toulouse Oliver,TBD,,,solid-D,Maggie Toulouse Oliver,running,
North Dakota,38,,,,North Dakota Secretary of State 2026,Secretary of State,3,,Michael Howe,,,solid-R,Michael Howe,running,
Ohio,39,,,,Ohio Secretary of State 2026,Secretary of State,3,,Frank LaRose,,,solid-R,Frank LaRose,running,
Rhode Island,44,,,,Rhode Island Secretary of State 2026,Secretary of State,3,Gregg Amore,TBD,,,solid-D,Gregg Amore,running,
South Carolina,45,,,,South Carolina Secretary of State 2026,Secretary of State,3,,Mark Hammond,,,solid-R,Mark Hammond,running,
South Dakota,46,,,,South Dakota Secretary of State 2026,Secretary of State,3,,Monae Johnson,,,solid-R,Monae Johnson,running,
Vermont,50,,,,Vermont Secretary of State 2026,Secretary of State,3,Sarah Copeland Hanzas,TBD,,,solid-D,Sarah Copeland Hanzas,running,2-year term
Wisconsin,55,,,,Wisconsin Secretary of State 2026,Secretary of State,77,TBD,TBD,,,toss-up,Doug La Follette,retiring,La Follette retiring after 40+ yrs; open seat toss-up
Wyoming,56,,,,Wyoming Secretary of State 2026,Secretary of State,3,,Chuck Gray,,,solid-R,Chuck Gray,running,