state_name,state,congress,s_upper,s_lower,election_name,race_type,voter_power,cook_rating,pivotal election?,structural initiative?,liberties initiative?,incumbent,D_running,R_running,I_running,I_running .1,I_running .2,I_running .3,I_running .4,I_running .5,L_running,G_running,Write_in,D_link,R_link,I_link,I_link.1,I_link.2,I_link.3,I_link.4,I_link.5,L_link,G_link,Write-in link,notes,turnout2020,Poll Margins,Pres20 or Sen18,vp (unnorm),ballotpedia_battleground
Florida,12,,,,Florida Special Senate 2026,Senate,6,likely-R,,,,Marco Rubio (resigned),"Alexander Vindman (frontrunner), Angie Nixon, Alan Grayson (D primary Aug 18)",Ashley Moody (R frontrunner; primary Aug 18),,,,,,,,,,,,,,,,,,,,,DeSantis appointed Moody; D primary Aug 18 (Vindman/Nixon/Grayson); R primary Aug 18; FL 24-4 R gerrymander signed May 4; solid-R state; Inside Elections: likely-R (Sabato: likely-R),,,,,Yes
Ohio,39,,,,Ohio Special Senate 2026,Senate,37,toss-up,,,,JD Vance (resigned),Sherrod Brown (won D primary May 5 easily),"Jon Husted (R incumbent, unopposed in primary)",,,,,,,,,,,,,,,,,,,,,"Cook Apr 13: lean-R→toss-up; Brown won D primary May 5, 2026; Husted unopposed; Emerson Dec 2025: Husted 49, Brown 46 (R+3); SLF pledged $79M for Husted; Husted gaffe on poverty; Ballotpedia battleground",,-3,,,Yes
Alabama,1,,,,Alabama Senate 2026,Senate,3,solid-R,,,,Tommy Tuberville (running for Governor),Dakarai Larriett,Barry Moore,,,,,,,,,,,,,,,,,,,,,Tuberville not seeking reelection; multiple R primary candidates,,,,,
Alaska,2,,,,Alaska Senate 2026,Senate,100,lean-R,,,,Dan Sullivan,Mary Peltola,Dan Sullivan (R incumbent),,,,,,,,,,,,,,,,,,,,,RacetoWH Apr 17: D gained major fundraising advantage; Peltola competitive; Cook: lean-R; Ballotpedia battleground Jan 9 2026,,2,,,Yes
Arkansas,5,,,,Arkansas Senate 2026,Senate,3,solid-R,,,,Tom Cotton,,Tom Cotton,,,,,,,,,,,,,,,,,,,,,,,,,,
Colorado,8,,,,Colorado Senate 2026,Senate,3,solid-D,,,,John Hickenlooper,John Hickenlooper,Mark Baisley,,,,,,,,,,,,,,,,,,,,,,,,,,
Connecticut,9,,,,Connecticut Senate 2026,Senate,3,solid-D,,,,Chris Murphy,Chris Murphy,,,,,,,,,,,,,,,,,,,,,,,,,,,
Georgia,13,,,,Georgia Senate 2026,Senate,32,lean-D,,,,Jon Ossoff,Jon Ossoff (incumbent),"R primary May 19: Buddy Carter, Mike Collins, Derek Dooley (→ June 16 runoff likely)",,,,,,,,,,,,,,,,,,,,,"Cook Apr 13: toss-up→lean-D; R primary May 19 (runoff June 16 if no majority); Emerson poll: Ossoff +3 vs Carter, +5 vs Collins, +8 vs Dooley; Ossoff top fundraiser nationally (~$42M raised); Ballotpedia battleground",,4,,,Yes
Idaho,16,,,,Idaho Senate 2026,Senate,3,solid-R,,,,Mike Crapo,,Mike Crapo,,,,,,,,,,,,,,,,,,,,,,,,,,
Illinois,17,,,,Illinois Senate 2026,Senate,3,solid-D,,,,Dick Durbin (retiring),Juliana Stratton,Don Tracy,,,,,,,,,,,,,,,,,,,,,Durbin retiring; Stratton won D primary Mar 17 2026; Tracy won R primary,,,,,
Iowa,19,,,,Iowa Senate 2026,Senate,26,likely-R,,,,Joni Ernst (retiring),TBD (D primary June 2),TBD (Ernst retiring; multiple R candidates),,,,,,,,,,,,,,,,,,,,,Cook: likely-R (moved from likely→lean by Sabato/AAP Mar 30); Ernst retiring; D primary June 2; open R-leaning seat; fundraising improving,,-6,,,Yes
Kansas,20,,,,Kansas Senate 2026,Senate,3,solid-R,,,,Roger Marshall,Anne Parelkar,Roger Marshall,,,,,,,,,,,,,,,,,,,,,,,,,,
Kentucky,21,,,,Kentucky Senate 2026,Senate,3,solid-R,,,,Mitch McConnell (retiring),Charles Booker,Andy Barr,,,,,,,,,,,,,,,,,,,,,"McConnell retiring; R primary: Barr (leading), Cameron, Morris; D primary: Booker (leading), McGrath; primary June 2026",,,,,
Louisiana,22,,,,Louisiana Senate 2026,Senate,18,likely-R,,,,Bill Cassidy,,Bill Cassidy (R inc.) faces Julia Letlow (R primary challenger),,,,,,,,,,,,,,,,,,,,,"Letlow (R, Trump-backed) challenging Cassidy; solid-R general; likely safe for R nominee",,,,,
Maine,23,,,,Maine Senate 2026,Senate,94,toss-up,,,,Susan Collins,"Graham Platner, David Costello (D primary June 9; Mills suspended Apr 30)",Susan Collins (R incumbent),,,,,,,,,,,,,,,,,,,,,"Janet Mills suspended campaign Apr 30, 2026 (poor polling/fundraising); D field now Platner vs Costello; Collins still formidable; primary June 9; Cook: toss-up; Ballotpedia battleground",,-2,,,Yes
Michigan,26,,,,Michigan Senate 2026,Senate,48,toss-up,,,,Gary Peters (retiring),"Primary Aug 4: Haley Stevens, Mallory McMorrow, Abdul El-Sayed",Mike Rogers (R frontrunner),,,,,,,,,,,,,,,,,,,,,Peters retiring; Rogers (R) narrowly lost 2024 Senate race; D primary Aug 4; recent D fundraising strong; toss-up; Ballotpedia battleground,,1,,,Yes
Minnesota,27,,,,Minnesota Senate 2026,Senate,28,likely-D,,,,Tina Smith (retiring),TBD (Smith retiring; D primary TBD),Royce White,,,,,,,,,,,,,,,,,,,,,Smith retiring; open D seat in D-leaning state; Cook: likely-D; no R recruited top-tier challenger,,5,,,
Mississippi,28,,,,Mississippi Senate 2026,Senate,3,solid-R,,,,Roger Wicker,,Roger Wicker,,,,,,,,,,,,,,,,,,,,,,,,,,
Montana,30,,,,Montana Senate 2026,Senate,26,likely-R,,,,Steve Daines (did not file for re-election),Reilly Neill,Kurt Alme,Seth Bodnar,,,,,,,,,,,,,,,,,,,,Ballotpedia battleground added Mar 27 2026; Cook: likely-R; Dan Osborn (I) not running here (running NE); Dan Sullivan not Collins here; Tester (D) lost 2024 — open seat,,-7,,,Yes
Nebraska,31,,,,Nebraska Senate 2026,Senate,23,likely-R,,,,Pete Ricketts,TBD,Pete Ricketts,"Dan Osborn (I, NE Dem Party-endorsed)",,,,,,,,,,,,,,,,,,,,Cook Apr 13: solid-R→likely-R; Osborn (I) running again after losing 2024 by only 6 pts; Ricketts (R inc.); NE Dem Party endorsed Osborn; Inside Elections Apr 23: safe→likely-R,,-7,,,Yes
New Hampshire,33,,,,New Hampshire Senate 2026,Senate,78,lean-D,,,,Jeanne Shaheen (retiring),"Chris Pappas (D frontrunner), Karishma Manzur, Jared Sullivan","John E. Sununu, Scott Brown (R primary)",,,,,,,,,,,,,,,,,,,,,Shaheen retiring; RacetoWH: D gained major fundraising advantage; Pappas (D frontrunner); Sununu/Brown (R); no Gov. Chris Sununu; Cook: lean-D; Ballotpedia battleground,,2,,,Yes
New Jersey,34,,,,New Jersey Senate 2026,Senate,3,solid-D,,,,Cory Booker,"Chris Pappas (D frontrunner), Karishma Manzur, Jared Sullivan","John E. Sununu, Scott Brown (R primary)",,,,,,,,,,,,,,,,,,,,,Shaheen retiring; RacetoWH: D gained major fundraising advantage; Pappas (D frontrunner); Sununu/Brown (R); no Gov. Chris Sununu; Cook: lean-D; Ballotpedia battleground,,2,,,Yes
New Mexico,35,,,,New Mexico Senate 2026,Senate,3,solid-D,,,,Ben Ray Luján,"Chris Pappas (D frontrunner), Karishma Manzur, Jared Sullivan","John E. Sununu, Scott Brown (R primary)",,,,,,,,,,,,,,,,,,,,,Shaheen retiring; RacetoWH: D gained major fundraising advantage; Pappas (D frontrunner); Sununu/Brown (R); no Gov. Chris Sununu; Cook: lean-D; Ballotpedia battleground,,2,,,Yes
North Carolina,37,,,,North Carolina Senate 2026,Senate,24,lean-D,,,,Thom Tillis (retiring),Roy Cooper (D nominee),"Michael Whatley (R nominee, Trump-endorsed)",,,,,,,,,,,,,,,,,,,,,Cook Apr 13: toss-up→lean-D; Cooper won D nom; Whatley won R nom; PPP poll Mar 14: Cooper +3 (47-44); Carolina Journal Mar 22: Cooper +8; Catawba Mar 18: Cooper +14 among leaners; Ballotpedia battleground,,5,,,Yes
Oklahoma,40,,,,Oklahoma Senate 2026,Senate,3,solid-R,,,,"Markwayne Mullin (DHS nominee, seat vacating)",,Open (Kevin Hern announced),,,,,,,,,,,,,,,,,,,,,Mullin nominated DHS Sec Mar 5 2026; confirmation committee vote 8-7 Mar 19; seat will be filled by Gov. appointment; Kevin Hern announced Senate run; filing opens Apr 1 2026,,,,,
Oregon,41,,,,Oregon Senate 2026,Senate,3,solid-D,,,,Jeff Merkley,Jeff Merkley,,,,,,,,,,,,,,,,,,,,,,,,,,,
Rhode Island,44,,,,Rhode Island Senate 2026,Senate,3,solid-D,,,,Sheldon Whitehouse,Sheldon Whitehouse,,,,,,,,,,,,,,,,,,,,,,,,,,,
South Carolina,45,,,,South Carolina Senate 2026,Senate,12,likely-R,,,,Lindsey Graham,,Lindsey Graham,,,,,,,,,,,,,,,,,,,,,Consensus Apr 23: safe→likely-R; Tim Scott (R inc.) faces D challenger; some outside spending entering race,,,,,
South Dakota,46,,,,South Dakota Senate 2026,Senate,3,solid-R,,,,Mike Rounds,Julian Beaudion,Mike Rounds,Brian Bengs,,,,,,,,,,,,,,,,,,,,Consensus Apr 23: safe→likely-R; Tim Scott (R inc.) faces D challenger; some outside spending entering race,,,,,
Tennessee,47,,,,Tennessee Senate 2026,Senate,3,solid-R,,,,Bill Hagerty,Diana Onyejiaka,Bill Hagerty,,,,,,,,,,,,,,,,,,,,,,,,,,
Texas,48,,,,Texas Senate 2026,Senate,8,likely-R,,,,John Cornyn,Jasmine Crockett (D nominee),John Cornyn (R inc.) vs Ken Paxton (R primary runoff May 26),,,,,,,,,,,,,,,,,,,,,Cornyn vs Paxton R runoff May 26; RacetoWH: D gained slightly in fundraising; Cook: likely-R; Crockett (D); competitive only in wave environment,,-8,,,Yes
Virginia,51,,,,Virginia Senate 2026,Senate,3,solid-D,,,,Mark Warner,Mark Warner,,,,,,,,,,,,,,,,,,,,,,,,,,,
West Virginia,54,,,,West Virginia Senate 2026,Senate,3,solid-R,,,,Shelley Moore Capito,Zach Shrewsbury,Shelley Moore Capito,,,,,,,,,,,,,,,,,,,,,,,,,,
Wisconsin,55,,,,Wisconsin Senate 2026,Senate,3,solid-D,,,,Tammy Baldwin,Tammy Baldwin,,,,,,,,,,,,,,,,,,,,,,,,,,,
Wyoming,56,,,,Wyoming Senate 2026,Senate,3,solid-R,,,,Cynthia Lummis (retiring),,Harriet Hageman,,,,,,,,,,,,,,,,,,,,,Lummis retiring,,,,,