state_name,state,congress,s_lower,s_upper,election_name,race_type,voter_power,cook_rating,D_running,R_running,D_link,R_link,incumbent,incumbent_status,I_running,notes
Alabama,1,,,,Alabama Governor 2026,Governor,3,solid-R,Doug Jones,Tommy Tuberville,,,Kay Ivey,term-limited,,Ivey term-limited; Tuberville (R) leaving Senate to run; Doug Jones (former Sen.) is D candidate
Alaska,2,,,,Alaska Governor 2026,Governor,3,solid-R,Tom Begich,Nancy Dahlstrom,,,Mike Dunleavy,term-limited,,Dunleavy term-limited; crowded R primary
Arizona,4,,,,Arizona Governor 2026,Governor,51,toss-up,Katie Hobbs,Andy Biggs,,,Katie Hobbs,running,,toss-up; Gov Hobbs (D) unlikely to run again; competitive open seat expected
Arkansas,5,,,,Arkansas Governor 2026,Governor,3,solid-R,Fredrick Love,Sarah Huckabee Sanders,,,Sarah Huckabee Sanders,running,,
California,6,,,,California Governor 2026,Governor,3,solid-D,Eric Swalwell,Chad Bianco,,,Gavin Newsom,term-limited,,"Newsom term-limited; D field: Swalwell (polling frontrunner ~17%), Porter, Villaraigosa, Steyer, Thurmond, Becerra; R: Bianco, Steve Hilton; D vote-splitting risk of two Rs advancing to Nov"
Colorado,8,,,,Colorado Governor 2026,Governor,3,solid-D,Michael Bennet,Barbara Kirkmeyer,,,Jared Polis,term-limited,,Polis term-limited; Bennet (Sen) running for Gov
Connecticut,9,,,,Connecticut Governor 2026,Governor,3,solid-D,Ned Lamont,Erin Stewart,,,Ned Lamont,running,,
Florida,12,,,,Florida Governor 2026,Governor,3,solid-R,Jerry Demings,Byron Donalds,,,Ron DeSantis,term-limited,Jason Pizzo,"DeSantis term-limited; Pizzo (former D, running I)"
Georgia,13,,,,Georgia Governor 2026,Governor,62,toss-up,"Keisha Lance Bottoms (frontrunner), Geoff Duncan, Michael Thurmond","Burt Jones (Lt. Gov.), Rick Jackson, Brad Raffensperger",,,Brian Kemp,term-limited,,open seat (Kemp term-limited); D primary: Keisha Lance Bottoms (35% Emerson); R primary: Burt Jones vs Rick Jackson; competitive; toss-up
Idaho,16,,,,Idaho Governor 2026,Governor,3,solid-R,TBD,Brad Little,,,Brad Little,running,,
Illinois,17,,,,Illinois Governor 2026,Governor,3,solid-D,JB Pritzker,TBD,,,JB Pritzker,running,,
Iowa,19,,,,Iowa Governor 2026,Governor,51,likely-R,Rob Sand,Randy Feenstra,,,Kim Reynolds,not seeking re-election,,Reynolds chose not to seek re-election (Iowa has no gubernatorial term limits); D: Rob Sand; R: Randy Feenstra
Kansas,20,,,,Kansas Governor 2026,Governor,66,lean-R,Ethan Corson,Ty Masterson,,,Laura Kelly,term-limited,,Kelly term-limited; D held in R-leaning state; Cook Lean R
Maine,23,,,,Maine Governor 2026,Governor,93,likely-D,Shenna Bellows,Garrett Mason,,,Janet Mills,running for Senate,,Mills running for Senate; multiple candidates in both primaries
Maryland,24,,,,Maryland Governor 2026,Governor,3,solid-D,Wes Moore,Dan Cox,,,Wes Moore,running,,
Massachusetts,25,,,,Massachusetts Governor 2026,Governor,3,solid-D,Maura Healey,TBD,,,Maura Healey,running,,
Michigan,26,,,,Michigan Governor 2026,Governor,66,toss-up,Jocelyn Benson,John James,,,Gretchen Whitmer,term-limited,Mike Duggan,Open seat (Whitmer term-limited); toss-up; D primary Aug 4 (likely includes Garlin Gilchrist); R primary TBD
Minnesota,27,,,,Minnesota Governor 2026,Governor,42,solid-D,Amy Klobuchar,Lisa Demuth,,,Tim Walz,retiring,,Walz chose not to seek re-election (MN has no term limits); Klobuchar (D) running; if elected she vacates her Senate seat; Lisa Demuth (R); Kendall Qualls also in R primary
Nebraska,31,,,,Nebraska Governor 2026,Governor,3,solid-R,Lynne Walz,Jim Pillen,,,Jim Pillen,running,,
Nevada,32,,,,Nevada Governor 2026,Governor,100,toss-up,Aaron Ford,Joe Lombardo,,,Joe Lombardo,running,,toss-up; Gov Lombardo (R) vs D challenger; D+2 recent polling; competitive
New Hampshire,33,,,,New Hampshire Governor 2026,Governor,93,likely-R,Cinde Warmington,Kelly Ayotte,,,Kelly Ayotte,running,,R-held in Harris-won state; Ayotte running for 2nd term
New Mexico,35,,,,New Mexico Governor 2026,Governor,3,solid-D,Deb Haaland,TBD,,,Michelle Lujan Grisham,term-limited,,Lujan Grisham term-limited; Haaland (former Interior Sec) running
New York,36,,,,New York Governor 2026,Governor,3,solid-D,Kathy Hochul,Bruce Blakeman,,,Kathy Hochul,running,,Hochul ran for full term 2022; internal D primary challenger withdrew Feb 2026
North Carolina,37,,,,North Carolina Governor 2026,Governor,3,solid-R,Josh Stein,TBD,,,Josh Stein,running,,open seat; Lt. Gov. Mark Robinson (R) withdrew; competitive race
Ohio,39,,,,Ohio Governor 2026,Governor,69,toss-up,Dr. Amy Acton (won D primary May 5 unopposed),Vivek Ramaswamy (won R primary May 5 with 80%+ vote),,,Mike DeWine,term-limited,,"Ramaswamy won R primary May 5 easily; Acton won D primary unopposed; Emerson Dec 2025: Acton 46, Ramaswamy 45 (D+1); polls very close; Acton $10M, Ramaswamy $30M cash; Cook: toss-up"
Oklahoma,40,,,,Oklahoma Governor 2026,Governor,3,solid-R,Cyndi Munson,Gentner Drummond,,,Kevin Stitt,term-limited,,Stitt term-limited; Drummond (AG) in R primary
Oregon,41,,,,Oregon Governor 2026,Governor,3,solid-D,Tina Kotek,TBD,,,Tina Kotek,running,,
Pennsylvania,42,,,,Pennsylvania Governor 2026,Governor,3,solid-D,Josh Shapiro,TBD,,,Josh Shapiro,running,,
Rhode Island,44,,,,Rhode Island Governor 2026,Governor,3,solid-D,TBD,TBD,,,Dan McKee,term-limited,,McKee term-limited
South Carolina,45,,,,South Carolina Governor 2026,Governor,3,solid-R,TBD,Henry McMaster,,,Henry McMaster,running,,
South Dakota,46,,,,South Dakota Governor 2026,Governor,3,solid-R,TBD,Kristi Noem,,,Kristi Noem,running,,
Tennessee,47,,,,Tennessee Governor 2026,Governor,3,solid-R,TBD,Bill Lee,,,Bill Lee,running,,
Texas,48,,,,Texas Governor 2026,Governor,3,solid-R,TBD,Greg Abbott,,,Greg Abbott,running,,
Vermont,50,,,,Vermont Governor 2026,Governor,39,likely-D,TBD,Phil Scott,,,Phil Scott,running,,R holds D-leaning state; Scott popular moderate R
Wisconsin,55,,,,Wisconsin Governor 2026,Governor,82,toss-up,TBD,TBD,,,Tony Evers,retiring,,toss-up; Gov Evers (D) vs R challenger; linked to Senate race environment