name,party,state_name,state,congress,s_upper,s_lower,race_type,election_name,campaign_link,donation_link,election_denier,incumbent,Winner,office_URL,local_contact,dc_contact,cook_rating,primary_contested,primary_date,primary_vp_score,notes
Ashley Moody,R,Florida,12,,,,Senate,Florida Senate 2026,,,,Y,,,,,solid-R,Y,Aug 18 2026,0.5,FL Special: Rubio seat. Moody vs Lang (R primary)
Jake Lang,R,Florida,12,,,,Senate,Florida Senate 2026,,,,N,,,,,solid-R,Y,Aug 18 2026,0.5,FL Special R primary challenger
Alan Grayson,D,Florida,12,,,,Senate,Florida Senate 2026,,,,N,,,,,solid-R,Y,Aug 18 2026,0.5,FL Special D primary
Angie Nixon,D,Florida,12,,,,Senate,Florida Senate 2026,,,,N,,,,,solid-R,Y,Aug 18 2026,0.5,FL Special D primary
Alexander Vindman,D,Florida,12,,,,Senate,Florida Senate 2026,,,,N,,,,,solid-R,Y,Aug 18 2026,0.5,FL Special D primary frontrunner; running as Democrat
Jon Husted,R,Ohio,39,,,,Senate,Ohio Senate 2026,,,,Y,,,,,solid-R,N,May 5 2026,0,OH Special: Vance seat. Husted appointed
Sherrod Brown,D,Ohio,39,,,,Senate,Ohio Senate 2026,,,,N,,,,,solid-R,N,May 5 2026,0,OH Special D candidate
Dakarai Larriett,D,Alabama,1,,,,Senate,Alabama Senate 2026,,,,N,,,,,solid-R,N,Jun 2 2026,0,
Barry Moore,R,Alabama,1,,,,Senate,Alabama Senate 2026,,,,N,,,,,solid-R,N,Jun 2 2026,0,Tuberville leaving for Gov run
Mary Peltola,D,Alaska,2,,,,Senate,Alaska Senate 2026,,,,N,,,,,lean-R,N,Aug 18 2026,0,Upgraded from Safe R Jan 2026
Dan Sullivan,R,Alaska,2,,,,Senate,Alaska Senate 2026,,,,Y,,,,,lean-R,N,Aug 18 2026,0,
Tom Cotton,R,Arkansas,5,,,,Senate,Arkansas Senate 2026,,,,Y,,,,,solid-R,N,Mar 3 2026,0,Uncontested
John Hickenlooper,D,Colorado,8,,,,Senate,Colorado Senate 2026,,,,Y,,,,,solid-D,N,Jun 30 2026,0,
Mark Baisley,R,Colorado,8,,,,Senate,Colorado Senate 2026,,,,N,,,,,solid-D,N,Jun 30 2026,0,
Chris Murphy,D,Connecticut,9,,,,Senate,Connecticut Senate 2026,,,,Y,,,,,solid-D,N,Aug 11 2026,0,
Jon Ossoff,D,Georgia,13,,,,Senate,Georgia Senate 2026,,,,Y,,,,,toss-up,N,May 19 2026,0,Most competitive D-held seat
Buddy Carter,R,Georgia,13,,,,Senate,Georgia Senate 2026,,,,N,,,,,toss-up,Y,May 19 2026,0.8333,Leading R primary
Mike Crapo,R,Idaho,16,,,,Senate,Idaho Senate 2026,,,,Y,,,,,solid-R,N,May 19 2026,0,
TBD (D),D,Illinois,17,,,,Senate,Illinois Senate 2026,,,,N,,,,,solid-D,Y,Mar 17 2026,0.8333,Durbin retiring; D primary open
Kwame Raoul,D,Illinois,17,,,,Senate,Illinois Senate 2026,,,,N,,,,,solid-D,Y,Mar 17 2026,0.8333,One of several D primary candidates
Josh Turek,D,Iowa,19,,,,Senate,Iowa Senate 2026,,,,N,,,,,likely-R,N,Jun 2 2026,0,Ernst retiring
Ashley Hinson,R,Iowa,19,,,,Senate,Iowa Senate 2026,,,,N,,,,,likely-R,Y,Jun 2 2026,2.5,Hinson leaving House seat for Senate
Anne Parelkar,D,Kansas,20,,,,Senate,Kansas Senate 2026,,,,N,,,,,solid-R,N,Aug 4 2026,0,
Roger Marshall,R,Kansas,20,,,,Senate,Kansas Senate 2026,,,,Y,,,,,solid-R,N,Aug 4 2026,0,
TBD (D),D,Kentucky,21,,,,Senate,Kentucky Senate 2026,,,,N,,,,,solid-R,N,May 19 2026,0,McConnell retiring; R primary open
TBD (R),R,Kentucky,21,,,,Senate,Kentucky Senate 2026,,,,N,,,,,solid-R,Y,May 19 2026,1.6667,R primary crowded
TBD (D),D,Louisiana,22,,,,Senate,Louisiana Senate 2026,,,,N,,,,,likely-R,N,Mar 28 2026,0,Jungle primary
Bill Cassidy,R,Louisiana,22,,,,Senate,Louisiana Senate 2026,,,,Y,,,,,likely-R,Y,Mar 28 2026,1.6667,R primary: Cassidy vs. Letlow vs. Fleming
Sharon Letlow,R,Louisiana,22,,,,Senate,Louisiana Senate 2026,,,,N,,,,,likely-R,Y,Mar 28 2026,1.6667,R primary challenger
Janet Mills,D,Maine,23,,,,Senate,Maine Senate 2026,,,,N,,,,,toss-up,N,Jun 9 2026,0,Gov Mills running for Senate
Susan Collins,R,Maine,23,,,,Senate,Maine Senate 2026,,,,Y,,,,,toss-up,N,Jun 9 2026,0,Only R-held toss-up
TBD (D),D,Michigan,26,,,,Senate,Michigan Senate 2026,,,,N,,,,,toss-up,Y,Aug 4 2026,0.9091,"Peters retiring; D primary — McMorrow, El-Sayed, Stevens"
Mallory McMorrow,D,Michigan,26,,,,Senate,Michigan Senate 2026,,,,N,,,,,toss-up,Y,Aug 4 2026,0.9091,D primary candidate
Abdul El-Sayed,D,Michigan,26,,,,Senate,Michigan Senate 2026,,,,N,,,,,toss-up,Y,Aug 4 2026,0.9091,D primary candidate
Haley Stevens,D,Michigan,26,,,,Senate,Michigan Senate 2026,,,,N,,,,,toss-up,Y,Aug 4 2026,0.9091,D primary candidate
Mike Rogers,R,Michigan,26,,,,Senate,Michigan Senate 2026,,,,N,,,,,toss-up,N,Aug 4 2026,0,
Peggy Flanagan,D,Minnesota,27,,,,Senate,Minnesota Senate 2026,,,,N,,,,,lean-D,Y,Aug 11 2026,1.1111,Smith retiring; D primary: Flanagan vs. Craig
Angie Craig,D,Minnesota,27,,,,Senate,Minnesota Senate 2026,,,,N,,,,,lean-D,Y,Aug 11 2026,1.1111,D primary challenger
Michele Tafoya,R,Minnesota,27,,,,Senate,Minnesota Senate 2026,,,,N,,,,,lean-D,Y,Aug 11 2026,1.1111,"R primary: Tafoya, White, others"
Royce White,R,Minnesota,27,,,,Senate,Minnesota Senate 2026,,,,N,,,,,lean-D,Y,Aug 11 2026,1.1111,R primary candidate
Roger Wicker,R,Mississippi,28,,,,Senate,Mississippi Senate 2026,,,,Y,,,,,solid-R,N,Mar 10 2026,0,
Reilly Neill,D,Montana,30,,,,Senate,Montana Senate 2026,,,,N,,,,,likely-R,N,Jun 2 2026,0,Daines retired Mar 2026
Kurt Alme,R,Montana,30,,,,Senate,Montana Senate 2026,,,,N,,,,,likely-R,N,Jun 2 2026,0,
Seth Bodnar,I,Montana,30,,,,Senate,Montana Senate 2026,,,,N,,,,,likely-R,N,Jun 2 2026,0,Independent candidate
Pete Ricketts,R,Nebraska,31,,,,Senate,Nebraska Senate 2026,,,,Y,,,,,likely-R,N,May 12 2026,0,
Dan Osborn,I,Nebraska,31,,,,Senate,Nebraska Senate 2026,,,,N,,,,,likely-R,N,N/A,0,NE Dem Party endorsed Osborn (I)
Chris Pappas,D,New Hampshire,33,,,,Senate,New Hampshire Senate 2026,,,,N,,,,,lean-D,N,Sep 8 2026,0,Shaheen retiring; Pappas leaving House
John E. Sununu,R,New Hampshire,33,,,,Senate,New Hampshire Senate 2026,,,,N,,,,,lean-D,N,Sep 8 2026,0,
Cory Booker,D,New Jersey,34,,,,Senate,New Jersey Senate 2026,,,,Y,,,,,solid-D,N,Jun 2 2026,0,
Ben Ray Luján,D,New Mexico,35,,,,Senate,New Mexico Senate 2026,,,,Y,,,,,solid-D,N,Jun 2 2026,0,
Roy Cooper,D,North Carolina,37,,,,Senate,North Carolina Senate 2026,,,,N,,,,,toss-up,N,Mar 17 2026,0,Tillis retiring
Michael Whatley,R,North Carolina,37,,,,Senate,North Carolina Senate 2026,,,,N,,,,,toss-up,Y,Mar 17 2026,0.8333,R primary crowded
Markwayne Mullin,R,Oklahoma,40,,,,Senate,Oklahoma Senate 2026,,,,Y,,,,,solid-R,N,Jun 16 2026,0,Nominated for DHS Sec — may vacate
Jeff Merkley,D,Oregon,41,,,,Senate,Oregon Senate 2026,,,,Y,,,,,solid-D,N,May 19 2026,0,
Sheldon Whitehouse,D,Rhode Island,44,,,,Senate,Rhode Island Senate 2026,,,,Y,,,,,solid-D,N,Sep 8 2026,0,
Lindsey Graham,R,South Carolina,45,,,,Senate,South Carolina Senate 2026,,,,Y,,,,,solid-R,N,Jun 9 2026,0,
Julian Beaudion,D,South Dakota,46,,,,Senate,South Dakota Senate 2026,,,,N,,,,,solid-R,N,Jun 2 2026,0,
Mike Rounds,R,South Dakota,46,,,,Senate,South Dakota Senate 2026,,,,Y,,,,,solid-R,N,Jun 2 2026,0,
Diana Onyejiaka,D,Tennessee,47,,,,Senate,Tennessee Senate 2026,,,,N,,,,,solid-R,N,Aug 6 2026,0,
Bill Hagerty,R,Tennessee,47,,,,Senate,Tennessee Senate 2026,,,,Y,,,,,solid-R,N,Aug 6 2026,0,
James Talarico,D,Texas,48,,,,Senate,Texas Senate 2026,,,,N,,,,,likely-R,Y,Mar 3 / May 26,0.4545,TX: D runoff Talarico won primary; R runoff Cornyn vs Paxton May 26
John Cornyn,R,Texas,48,,,,Senate,Texas Senate 2026,,,,Y,,,,,likely-R,Y,Mar 3 / May 26,0.4545,R runoff vs. Paxton May 26
Ken Paxton,R,Texas,48,,,,Senate,Texas Senate 2026,,,,N,,,,,likely-R,Y,Mar 3 / May 26,0.4545,Running for Senate; in Cornyn runoff
Mark Warner,D,Virginia,51,,,,Senate,Virginia Senate 2026,,,,Y,,,,,solid-D,N,Jun 16 2026,0,
Zach Shrewsbury,D,West Virginia,54,,,,Senate,West Virginia Senate 2026,,,,N,,,,,solid-R,N,May 12 2026,0,
Shelley Moore Capito,R,West Virginia,54,,,,Senate,West Virginia Senate 2026,,,,Y,,,,,solid-R,N,May 12 2026,0,
Tammy Baldwin,D,Wisconsin,55,,,,Senate,Wisconsin Senate 2026,,,,Y,,,,,solid-D,N,Aug 11 2026,0,
Harriet Hageman,R,Wyoming,56,,,,Senate,Wyoming Senate 2026,,,,N,,,,,solid-R,N,Aug 18 2026,0,Lummis retiring
Kay Ivey (retiring),R,Alabama,1,,,,Governor,Alabama Governor 2026,,,,Y,,,,,solid-R,Y,Jun 2 2026,2,Tuberville running R
Tom Begich,D,Alaska,2,,,,Governor,Alaska Governor 2026,,,,N,,,,,toss-up,N,Aug 18 2026,0,Dunleavy TL; crowded R primary
Katie Hobbs,D,Arizona,4,,,,Governor,Arizona Governor 2026,,,,Y,,,,,toss-up,N,Jul 28 2026,0,Most endangered D incumbent
Andy Biggs,R,Arizona,4,,,,Governor,Arizona Governor 2026,,,,N,,,,,toss-up,Y,Jul 28 2026,2,Leading R
Sarah Huckabee Sanders,R,Arkansas,5,,,,Governor,Arkansas Governor 2026,,,,Y,,,,,solid-R,N,Mar 3 2026,0,
Gavin Newsom (TL),D,California,6,,,,Governor,California Governor 2026,,,,Y,,,,,solid-D,Y,Mar 3 2026,2,"Newsom TL; D primary: Porter, Villaraigosa, Thurmond, Becerra"
Katie Porter,D,California,6,,,,Governor,California Governor 2026,,,,N,,,,,solid-D,Y,Mar 3 2026,2,D primary candidate
Rick Caruso,R,California,6,,,,Governor,California Governor 2026,,,,N,,,,,solid-D,N,Mar 3 2026,0,Leading R
Jared Polis (TL),D,Colorado,8,,,,Governor,Colorado Governor 2026,,,,Y,,,,,solid-D,Y,Jun 30 2026,1.1111,Polis TL; Bennet running D
Michael Bennet,D,Colorado,8,,,,Governor,Colorado Governor 2026,,,,N,,,,,solid-D,Y,Jun 30 2026,1.1111,Leaving Senate for Gov
Ned Lamont,D,Connecticut,9,,,,Governor,Connecticut Governor 2026,,,,Y,,,,,solid-D,N,Aug 11 2026,0,
John Carney,D,Delaware,10,,,,Governor,Delaware Governor 2026,,,,Y,,,,,solid-D,N,Sep 8 2026,0,
Ron DeSantis (TL),R,Florida,12,,,,Governor,Florida Governor 2026,,,,Y,,,,,lean-R,Y,Aug 18 2026,0.5,DeSantis TL
Val Demings,D,Florida,12,,,,Governor,Florida Governor 2026,,,,N,,,,,lean-R,N,Aug 18 2026,0,
Byron Donalds,R,Florida,12,,,,Governor,Florida Governor 2026,,,,N,,,,,lean-R,Y,Aug 18 2026,0.5,Leading R
Steve Pizzo,I,Florida,12,,,,Governor,Florida Governor 2026,,,,N,,,,,lean-R,N,N/A,0,Former D; running I
Brian Kemp (TL),R,Georgia,13,,,,Governor,Georgia Governor 2026,,,,Y,,,,,toss-up,Y,May 19 2026,0.8333,Kemp TL; crowded R primary
Keisha Lance Bottoms,D,Georgia,13,,,,Governor,Georgia Governor 2026,,,,N,,,,,toss-up,N,May 19 2026,0,Leading D
Chris Carr,R,Georgia,13,,,,Governor,Georgia Governor 2026,,,,N,,,,,toss-up,Y,May 19 2026,0.8333,R primary candidate (leaving AG)
Josh Green,D,Hawaii,15,,,,Governor,Hawaii Governor 2026,,,,Y,,,,,solid-D,N,Aug 8 2026,0,
Brad Little,R,Idaho,16,,,,Governor,Idaho Governor 2026,,,,Y,,,,,solid-R,N,May 19 2026,0,
JB Pritzker,D,Illinois,17,,,,Governor,Illinois Governor 2026,,,,Y,,,,,solid-D,N,Mar 17 2026,0,
Mike Braun,R,Indiana,18,,,,Governor,Indiana Governor 2026,,,,Y,,,,,solid-R,N,May 5 2026,0,
Kim Reynolds (ret),R,Iowa,19,,,,Governor,Iowa Governor 2026,,,,Y,,,,,lean-R,Y,Jun 2 2026,2.5,Reynolds retiring; Feenstra vs. Sand
Rob Sand,D,Iowa,19,,,,Governor,Iowa Governor 2026,,,,N,,,,,lean-R,N,Jun 2 2026,0,
Randy Feenstra,R,Iowa,19,,,,Governor,Iowa Governor 2026,,,,N,,,,,lean-R,Y,Jun 2 2026,2.5,
Jeff Colyer,R,Kansas,20,,,,Governor,Kansas Governor 2026,,,,N,,,,,lean-R,Y,Aug 4 2026,2.8571,Kelly TL; R primary — several candidates
Brittany Corson,D,Kansas,20,,,,Governor,Kansas Governor 2026,,,,N,,,,,lean-R,N,Aug 4 2026,0,
Andy Beshear,D,Kentucky,21,,,,Governor,Kentucky Governor 2026,,,,Y,,,,,solid-R,N,May 19 2026,0,
Jeff Landry,R,Louisiana,22,,,,Governor,Louisiana Governor 2026,,,,Y,,,,,solid-R,N,Oct 2026,0,LA jungle primary
Janet Mills (ret),D,Maine,23,,,,Governor,Maine Governor 2026,,,,Y,,,,,likely-D,N,Jun 9 2026,0,Mills running for Senate; open seat
Matt Dunlap,D,Maine,23,,,,Governor,Maine Governor 2026,,,,N,,,,,likely-D,N,Jun 9 2026,0,Leading D
Demi Mason,R,Maine,23,,,,Governor,Maine Governor 2026,,,,N,,,,,likely-D,N,Jun 9 2026,0,
Wes Moore,D,Maryland,24,,,,Governor,Maryland Governor 2026,,,,Y,,,,,solid-D,N,Jun 23 2026,0,
Maura Healey,D,Massachusetts,25,,,,Governor,Massachusetts Governor 2026,,,,Y,,,,,solid-D,N,Sep 15 2026,0,
Gretchen Whitmer (TL),D,Michigan,26,,,,Governor,Michigan Governor 2026,,,,Y,,,,,toss-up,Y,Aug 4 2026,0.9091,Whitmer TL; Benson running D; Duggan I
Jocelyn Benson,D,Michigan,26,,,,Governor,Michigan Governor 2026,,,,N,,,,,toss-up,Y,Aug 4 2026,0.9091,D primary candidate
Mike Cox,R,Michigan,26,,,,Governor,Michigan Governor 2026,,,,N,,,,,toss-up,Y,Aug 4 2026,0.9091,Leading R
Mike Duggan,I,Michigan,26,,,,Governor,Michigan Governor 2026,,,,N,,,,,toss-up,N,N/A,0,Former Detroit mayor running I
Tim Walz (ret),D,Minnesota,27,,,,Governor,Minnesota Governor 2026,,,,Y,,,,,solid-D,Y,Aug 11 2026,1.1111,Walz retiring; D primary crowded
Amy Klobuchar,D,Minnesota,27,,,,Governor,Minnesota Governor 2026,,,,N,,,,,solid-D,Y,Aug 11 2026,1.1111,Leaving Senate for Gov run
Lisa Demuth,R,Minnesota,27,,,,Governor,Minnesota Governor 2026,,,,N,,,,,solid-D,N,Aug 11 2026,0,
Tate Reeves,R,Mississippi,28,,,,Governor,Mississippi Governor 2026,,,,Y,,,,,solid-R,N,N/A,0,MS odd-year elections; not up 2026
Greg Gianforte,R,Montana,30,,,,Governor,Montana Governor 2026,,,,Y,,,,,solid-R,N,Jun 2 2026,0,
Jim Pillen,R,Nebraska,31,,,,Governor,Nebraska Governor 2026,,,,Y,,,,,solid-R,N,May 12 2026,0,
Joe Lombardo,R,Nevada,32,,,,Governor,Nevada Governor 2026,,,,Y,,,,,toss-up,N,Jun 9 2026,0,Most endangered R incumbent
Aaron Ford,D,Nevada,32,,,,Governor,Nevada Governor 2026,,,,N,,,,,toss-up,Y,Jun 9 2026,2.2222,AG Ford running for Gov
Kelly Ayotte,R,New Hampshire,33,,,,Governor,New Hampshire Governor 2026,,,,Y,,,,,likely-R,N,Sep 8 2026,0,
TBD (D),D,New Hampshire,33,,,,Governor,New Hampshire Governor 2026,,,,N,,,,,likely-R,N,Sep 8 2026,0,
Phil Murphy (TL),D,New Jersey,34,,,,Governor,New Jersey Governor 2026,,,,Y,,,,,solid-D,N,Jun 2 2026,0,Murphy TL; Sherrill won 2025 special
Mikie Sherrill,D,New Jersey,34,,,,Governor,New Jersey Governor 2026,,,,N,,,,,solid-D,N,Jun 2 2026,0,Won 2025 special
Michelle Lujan Grisham (TL),D,New Mexico,35,,,,Governor,New Mexico Governor 2026,,,,Y,,,,,solid-D,Y,Jun 2 2026,3.5714,MLG TL; Haaland running D
Deb Haaland,D,New Mexico,35,,,,Governor,New Mexico Governor 2026,,,,N,,,,,solid-D,Y,Jun 2 2026,3.5714,D primary candidate
Kathy Hochul,D,New York,36,,,,Governor,New York Governor 2026,,,,Y,,,,,solid-D,N,Jun 23 2026,0,
Roy Cooper,D,North Carolina,37,,,,Governor,North Carolina Governor 2026,,,,Y,,,,,toss-up,N,Mar 17 2026,0,"Cooper running for Senate, not Gov"
Jeff Jackson,D,North Carolina,37,,,,Governor,North Carolina Governor 2026,,,,N,,,,,toss-up,N,Mar 17 2026,0,Leading D for Gov
Dan Bishop,R,North Carolina,37,,,,Governor,North Carolina Governor 2026,,,,N,,,,,toss-up,Y,Mar 17 2026,0.8333,Leading R for Gov
Doug Burgum,R,North Dakota,38,,,,Governor,North Dakota Governor 2026,,,,Y,,,,,solid-R,N,Jun 9 2026,0,
Mike DeWine,R,Ohio,39,,,,Governor,Ohio Governor 2026,,,,Y,,,,,solid-R,N,May 5 2026,0,
Kevin Stitt,R,Oklahoma,40,,,,Governor,Oklahoma Governor 2026,,,,Y,,,,,solid-R,N,Jun 16 2026,0,
Tina Kotek,D,Oregon,41,,,,Governor,Oregon Governor 2026,,,,Y,,,,,solid-D,N,May 19 2026,0,
Josh Shapiro,D,Pennsylvania,42,,,,Governor,Pennsylvania Governor 2026,,,,Y,,,,,solid-D,N,May 19 2026,0,
Dan McKee,D,Rhode Island,44,,,,Governor,Rhode Island Governor 2026,,,,Y,,,,,solid-D,N,Sep 8 2026,0,
Henry McMaster,R,South Carolina,45,,,,Governor,South Carolina Governor 2026,,,,Y,,,,,solid-R,N,Jun 9 2026,0,
Kristi Noem,R,South Dakota,46,,,,Governor,South Dakota Governor 2026,,,,Y,,,,,solid-R,N,Jun 2 2026,0,
Bill Lee,R,Tennessee,47,,,,Governor,Tennessee Governor 2026,,,,Y,,,,,solid-R,N,Aug 6 2026,0,
Greg Abbott,R,Texas,48,,,,Governor,Texas Governor 2026,,,,Y,,,,,solid-R,N,Mar 3 2026,0,
Spencer Cox,R,Utah,49,,,,Governor,Utah Governor 2026,,,,Y,,,,,solid-R,N,Jun 25 2026,0,
Phil Scott,R,Vermont,50,,,,Governor,Vermont Governor 2026,,,,Y,,,,,solid-D,N,Aug 11 2026,0,R in D state; popular incumbent
TBD (D),D,Vermont,50,,,,Governor,Vermont Governor 2026,,,,N,,,,,solid-D,N,Aug 11 2026,0,
Glenn Youngkin (TL),R,Virginia,51,,,,Governor,Virginia Governor 2026,,,,Y,,,,,solid-D,N,N/A,0,VA Gov not up 2026
Bob Ferguson,D,Washington,53,,,,Governor,Washington Governor 2026,,,,Y,,,,,solid-D,N,Aug 4 2026,0,
Patrick Morrisey,R,West Virginia,54,,,,Governor,West Virginia Governor 2026,,,,Y,,,,,solid-R,N,May 12 2026,0,
Tony Evers (ret),D,Wisconsin,55,,,,Governor,Wisconsin Governor 2026,,,,Y,,,,,toss-up,Y,Aug 11 2026,1.1111,Evers retiring; open toss-up
TBD (D),D,Wisconsin,55,,,,Governor,Wisconsin Governor 2026,,,,N,,,,,toss-up,Y,Aug 11 2026,1.1111,D primary forming
TBD (R),R,Wisconsin,55,,,,Governor,Wisconsin Governor 2026,,,,N,,,,,toss-up,Y,Aug 11 2026,1.1111,R primary forming
Mark Gordon,R,Wyoming,56,,,,Governor,Wyoming Governor 2026,,,,Y,,,,,solid-R,N,Aug 18 2026,0,
Kris Mayes,D,Arizona,4,,,,Attorney General,Arizona Attorney General 2026,,,,Y,,,,,toss-up,N,Jul 28 2026,0,Mayes won 2022 by 0.01%
Warren Petersen,R,Arizona,4,,,,Attorney General,Arizona Attorney General 2026,,,,N,,,,,toss-up,Y,Jul 28 2026,2,R primary frontrunner
Rob Bonta,D,California,6,,,,Attorney General,California Attorney General 2026,,,,Y,,,,,solid-D,N,Mar 3 2026,0,
Phil Weiser,D,Colorado,8,,,,Attorney General,Colorado Attorney General 2026,,,,Y,,,,,solid-D,Y,Jun 30 2026,1.1111,"TL; D primary: Dougherty, Duran, Griswold, others"
Michael Dougherty,D,Colorado,8,,,,Attorney General,Colorado Attorney General 2026,,,,N,,,,,solid-D,Y,Jun 30 2026,1.1111,D primary candidate
Crisanta Duran,D,Colorado,8,,,,Attorney General,Colorado Attorney General 2026,,,,N,,,,,solid-D,Y,Jun 30 2026,1.1111,D primary candidate
Jena Griswold,D,Colorado,8,,,,Attorney General,Colorado Attorney General 2026,,,,N,,,,,solid-D,Y,Jun 30 2026,1.1111,SoS running for AG
James Uthmeier,R,Florida,12,,,,Attorney General,Florida Attorney General 2026,,,,Y,,,,,solid-R,N,Aug 18 2026,0,DeSantis appointee; first election
José J. Rodríguez,D,Florida,12,,,,Attorney General,Florida Attorney General 2026,,,,N,,,,,solid-R,N,Aug 18 2026,0,
Chris Carr,R,Georgia,13,,,,Attorney General,Georgia Attorney General 2026,,,,Y,,,,,solid-R,Y,May 19 2026,0.8333,Running for Gov; leaving AG seat
Tanya Miller,D,Georgia,13,,,,Attorney General,Georgia Attorney General 2026,,,,N,,,,,solid-R,N,May 19 2026,0,
Brian Strickland,R,Georgia,13,,,,Attorney General,Georgia Attorney General 2026,,,,N,,,,,solid-R,Y,May 19 2026,0.8333,R primary candidate
Brenna Bird,R,Iowa,19,,,,Attorney General,Iowa Attorney General 2026,,,,Y,,,,,likely-R,N,Jun 2 2026,0,Chose re-election over Gov
Nathan Willems,D,Iowa,19,,,,Attorney General,Iowa Attorney General 2026,,,,N,,,,,likely-R,N,Jun 2 2026,0,
Kris Kobach,R,Kansas,20,,,,Attorney General,Kansas Attorney General 2026,,,,Y,,,,,lean-R,N,Aug 4 2026,0,Won narrowly 2022
Chris Mann,D,Kansas,20,,,,Attorney General,Kansas Attorney General 2026,,,,N,,,,,lean-R,N,Aug 4 2026,0,Repeat D candidate
Dana Nessel,D,Michigan,26,,,,Attorney General,Michigan Attorney General 2026,,,,Y,,,,,toss-up,N,Aug 4 2026,0,TL; open D seat
Matt DePerno,R,Michigan,26,,,,Attorney General,Michigan Attorney General 2026,,,,N,,,,,toss-up,Y,Aug 4 2026,0.9091,R primary candidate
Keith Ellison,D,Minnesota,27,,,,Attorney General,Minnesota Attorney General 2026,,,,Y,,,,,toss-up,N,Aug 11 2026,0,"Won narrowly 2018, 2022"
TBD (R),R,Minnesota,27,,,,Attorney General,Minnesota Attorney General 2026,,,,N,,,,,toss-up,N,Aug 11 2026,0,R primary forming
Aaron Ford,D,Nevada,32,,,,Attorney General,Nevada Attorney General 2026,,,,Y,,,,,toss-up,Y,Jun 9 2026,2.2222,TL; running for Gov. Open seat.
Nicole Cannizzaro,D,Nevada,32,,,,Attorney General,Nevada Attorney General 2026,,,,N,,,,,toss-up,Y,Jun 9 2026,2.2222,D primary candidate
Zach Conine,D,Nevada,32,,,,Attorney General,Nevada Attorney General 2026,,,,N,,,,,toss-up,Y,Jun 9 2026,2.2222,D primary candidate
Danny Tarkanian,R,Nevada,32,,,,Attorney General,Nevada Attorney General 2026,,,,N,,,,,toss-up,N,Jun 9 2026,0,
Letitia James,D,New York,36,,,,Attorney General,New York Attorney General 2026,,,,Y,,,,,solid-D,N,Jun 23 2026,0,
Saritha Komatireddy,R,New York,36,,,,Attorney General,New York Attorney General 2026,,,,N,,,,,solid-D,N,Jun 23 2026,0,Former EDNY prosecutor; notable challenger
Anita Earls,D,North Carolina,37,,,,Attorney General,North Carolina Attorney General 2026,,,,Y,,,,,lean-R,N,Mar 17 2026,0,
Sarah Stevens,R,North Carolina,37,,,,Attorney General,North Carolina Attorney General 2026,,,,N,,,,,lean-R,N,Mar 17 2026,0,
Ken Paxton,R,Texas,48,,,,Attorney General,Texas Attorney General 2026,,,,Y,,,,,solid-R,Y,Mar 3 / May 26,0.4545,Paxton leaving for Senate; open seat
Nathan Johnson,D,Texas,48,,,,Attorney General,Texas Attorney General 2026,,,,N,,,,,solid-R,Y,Mar 3 / May 26,0.4545,D primary winner; in runoff May 26
Mayes Middleton,R,Texas,48,,,,Attorney General,Texas Attorney General 2026,,,,N,,,,,solid-R,Y,Mar 3 / May 26,0.4545,R primary frontrunner
Josh Kaul,D,Wisconsin,55,,,,Attorney General,Wisconsin Attorney General 2026,,,,Y,,,,,toss-up,N,Aug 11 2026,0,Won over Toney by 1.3pts in 2022
Eric Toney,R,Wisconsin,55,,,,Attorney General,Wisconsin Attorney General 2026,,,,N,,,,,toss-up,N,Aug 11 2026,0,Expected rematch
Adrian Fontes,D,Arizona,4,,,,Secretary of State,Arizona Secretary of State 2026,,,,Y,,,,,toss-up,N,Jul 28 2026,0,Won 2022 by 52.4%
Alexander Kolodin,R,Arizona,4,,,,Secretary of State,Arizona Secretary of State 2026,,,,N,,,,,toss-up,N,Jul 28 2026,0,R AZ House member
Shirley Weber,D,California,6,,,,Secretary of State,California Secretary of State 2026,,,,Y,,,,,solid-D,N,Mar 3 2026,0,
Jena Griswold,D,Colorado,8,,,,Secretary of State,Colorado Secretary of State 2026,,,,Y,,,,,solid-D,Y,Jun 30 2026,1.1111,TL as SoS; running for AG instead
Amanda Gonzalez,D,Colorado,8,,,,Secretary of State,Colorado Secretary of State 2026,,,,N,,,,,solid-D,Y,Jun 30 2026,1.1111,D primary for open seat
Brad Raffensperger,R,Georgia,13,,,,Secretary of State,Georgia Secretary of State 2026,,,,Y,,,,,solid-R,N,May 19 2026,0,Running for Gov; leaving SoS seat
TBD (R),R,Georgia,13,,,,Secretary of State,Georgia Secretary of State 2026,,,,N,,,,,solid-R,Y,May 19 2026,0.8333,R primary open
Diego Morales,R,Indiana,18,,,,Secretary of State,Indiana Secretary of State 2026,,,,Y,,,,,lean-R,N,May 5 2026,0,
Beau Bayh,D,Indiana,18,,,,Secretary of State,Indiana Secretary of State 2026,,,,N,,,,,lean-R,N,May 5 2026,0,Son of Evan Bayh
Greg Ballard,I,Indiana,18,,,,Secretary of State,Indiana Secretary of State 2026,,,,N,,,,,lean-R,N,N/A,0,Former R mayor running I
Jocelyn Benson,D,Michigan,26,,,,Secretary of State,Michigan Secretary of State 2026,,,,Y,,,,,toss-up,Y,Aug 4 2026,0.9091,TL; running for Gov. Open seat.
Garlin Gilchrist,D,Michigan,26,,,,Secretary of State,Michigan Secretary of State 2026,,,,N,,,,,toss-up,Y,Aug 4 2026,0.9091,D primary candidate (Lt. Gov)
Adam Hollier,D,Michigan,26,,,,Secretary of State,Michigan Secretary of State 2026,,,,N,,,,,toss-up,Y,Aug 4 2026,0.9091,D primary candidate
Anthony Forlini,R,Michigan,26,,,,Secretary of State,Michigan Secretary of State 2026,,,,N,,,,,toss-up,Y,Aug 4 2026,0.9091,R primary candidate
Monica Yatooma,R,Michigan,26,,,,Secretary of State,Michigan Secretary of State 2026,,,,N,,,,,toss-up,Y,Aug 4 2026,0.9091,R primary candidate
Steve Simon,D,Minnesota,27,,,,Secretary of State,Minnesota Secretary of State 2026,,,,Y,,,,,likely-D,N,Aug 11 2026,0,Running for 4th term
Tad Jude,R,Minnesota,27,,,,Secretary of State,Minnesota Secretary of State 2026,,,,N,,,,,likely-D,N,Aug 11 2026,0,
Cisco Aguilar,D,Nevada,32,,,,Secretary of State,Nevada Secretary of State 2026,,,,Y,,,,,toss-up,N,Jun 9 2026,0,Won 2022 by 48.9%
TBD (R),R,Nevada,32,,,,Secretary of State,Nevada Secretary of State 2026,,,,N,,,,,toss-up,N,Jun 9 2026,0,
Frank LaRose,R,Ohio,39,,,,Secretary of State,Ohio Secretary of State 2026,,,,Y,,,,,solid-R,N,May 5 2026,0,
TBD (D),D,Ohio,39,,,,Secretary of State,Ohio Secretary of State 2026,,,,N,,,,,solid-R,N,May 5 2026,0,
Doug La Follette,D,Wisconsin,55,,,,Secretary of State,Wisconsin Secretary of State 2026,,,,Y,,,,,toss-up,N,Aug 11 2026,0,Retiring after 40+ yrs; open toss-up
TBD (D),D,Wisconsin,55,,,,Secretary of State,Wisconsin Secretary of State 2026,,,,N,,,,,toss-up,Y,Aug 11 2026,1.1111,D primary forming
TBD (R),R,Wisconsin,55,,,,Secretary of State,Wisconsin Secretary of State 2026,,,,N,,,,,toss-up,Y,Aug 11 2026,1.1111,R primary forming
Chris Taylor,D,Wisconsin,55,,,,State Supreme Court,Wisconsin Supreme Court 2026,,,,N,,,,,lean-D,N,Apr 7 2026,0,WI Supreme Ct; open seat (Bradley retiring)
Maria S. Lazar,R,Wisconsin,55,,,,State Supreme Court,Wisconsin Supreme Court 2026,,,,N,,,,,lean-D,N,Apr 7 2026,0,WI Supreme Ct R-backed challenger
Anita Earls,D,North Carolina,37,,,,State Supreme Court,North Carolina Supreme Court 2026,,,,Y,,,,,lean-R,N,Mar 17 2026,0,NC Supreme Ct incumbent; contested partisan
Sarah Stevens,R,North Carolina,37,,,,State Supreme Court,North Carolina Supreme Court 2026,,,,N,,,,,lean-R,N,Mar 17 2026,0,NC Supreme Ct R challenger
TBD (D),D,Michigan,26,,,,State Supreme Court,Michigan Supreme Court 2026,,,,N,,,,,toss-up,N,Aug 4 2026,0,MI Supreme Ct Seat 1; court balance at stake
TBD (R),R,Michigan,26,,,,State Supreme Court,Michigan Supreme Court 2026,,,,N,,,,,toss-up,N,Aug 4 2026,0,MI Supreme Ct Seat 1
TBD (D),D,Michigan,26,,,,State Supreme Court,Michigan Supreme Court 2026,,,,N,,,,,toss-up,N,Aug 4 2026,0,MI Supreme Ct Seat 2
TBD (R),R,Michigan,26,,,,State Supreme Court,Michigan Supreme Court 2026,,,,N,,,,,toss-up,N,Aug 4 2026,0,MI Supreme Ct Seat 2
Pamela Goodwine,D,Kentucky,21,,,,State Supreme Court,Kentucky Supreme Court 2026,,,,N,,,,,lean-R,N,May 19 2026,0,KY Supreme Ct; D-backed; VanMeter seat
Erin Izzo,R,Kentucky,21,,,,State Supreme Court,Kentucky Supreme Court 2026,,,,N,,,,,lean-R,N,May 19 2026,0,KY Supreme Ct; R-backed
Jennifer Brunner,D,Ohio,39,,,,State Supreme Court,Ohio Supreme Court 2026,,,,Y,,,,,lean-R,N,May 5 2026,0,OH Supreme Ct; D incumbent
Dan Hawkins,R,Ohio,39,,,,State Supreme Court,Ohio Supreme Court 2026,,,,Y,,,,,lean-R,N,May 5 2026,0,OH Supreme Ct; R incumbent
Marilyn Zayas,D,Ohio,39,,,,State Supreme Court,Ohio Supreme Court 2026,,,,N,,,,,lean-R,N,May 5 2026,0,OH Supreme Ct; D candidate
Jimmy Blacklock,R,Texas,48,,,,State Supreme Court,Texas Supreme Court 2026,,,,Y,,,,,solid-R,N,Mar 3 2026,0,TX Supreme Ct Place 1 (Chief Justice)
Maggie Ellis,D,Texas,48,,,,State Supreme Court,Texas Supreme Court 2026,,,,N,,,,,solid-R,N,Mar 3 2026,0,TX Supreme Ct Place 1 D challenger
Brett Busby,R,Texas,48,,,,State Supreme Court,Texas Supreme Court 2026,,,,Y,,,,,solid-R,N,Mar 3 2026,0,TX Supreme Ct Place 8
Gisela Triana,D,Texas,48,,,,State Supreme Court,Texas Supreme Court 2026,,,,N,,,,,solid-R,N,Mar 3 2026,0,TX Supreme Ct Place 8 D challenger
Theodora Gaïtas,D,Minnesota,27,,,,State Supreme Court,Minnesota Supreme Court 2026,,,,Y,,,,,likely-D,N,Aug 11 2026,0,MN Supreme Ct; first election as Walz appointee
Sarah Hennesy,D,Minnesota,27,,,,State Supreme Court,Minnesota Supreme Court 2026,,,,Y,,,,,likely-D,N,Aug 11 2026,0,MN Supreme Ct; first election as Walz appointee
Nick Begich (R→running),D,Alaska,2,,,,House,AK-1 2026,,,,TBD,,,,,lean-R,N,varies,0,Competitive House district
Kirsten Engel (D),D,Arizona,4,,,,House,AZ-6 2026,,,,TBD,,,,,lean-R,N,varies,0,Competitive House district
Juan Ciscomani,R,Arizona,4,,,,House,AZ-6 2026,,,,TBD,,,,,lean-R,N,varies,0,Competitive House district
Adam Gray,D,California,6,,,,House,CA-13 2026,,,,TBD,,,,,toss-up,N,varies,0,Competitive House district
David Valadao,R,California,6,,,,House,CA-22 2026,,,,TBD,,,,,lean-R,N,varies,0,Competitive House district
George Whitesides,D,California,6,,,,House,CA-27 2026,,,,TBD,,,,,lean-D,N,varies,0,Competitive House district
Dave Min,D,California,6,,,,House,CA-47 2026,,,,TBD,,,,,lean-D,N,varies,0,Competitive House district
Gabe Evans,R,Colorado,8,,,,House,CO-8 2026,,,,TBD,,,,,toss-up,N,varies,0,Competitive House district
Anna Paulina Luna,R,Florida,12,,,,House,FL-13 2026,,,,TBD,,,,,lean-R,N,varies,0,Competitive House district
Maria Salazar,R,Florida,12,,,,House,FL-27 2026,,,,TBD,,,,,lean-R,N,varies,0,Competitive House district
Mariannette Miller-Meeks,R,Iowa,19,,,,House,IA-1 2026,,,,TBD,,,,,lean-R,N,varies,0,Competitive House district
Jared Golden (not running),D,Maine,23,,,,House,ME-2 2026,,,,TBD,,,,,toss-up,N,varies,0,Competitive House district
Tom Barrett,R,Michigan,26,,,,House,MI-7 2026,,,,TBD,,,,,toss-up,N,varies,0,Competitive House district
Ryan Zinke,R,Montana,30,,,,House,MT-1 2026,,,,TBD,,,,,lean-R,N,varies,0,Competitive House district
Tom Kean Jr.,R,New Jersey,34,,,,House,NJ-7 2026,,,,TBD,,,,,toss-up,N,varies,0,Competitive House district
Mike Lawler,R,New York,36,,,,House,NY-17 2026,,,,TBD,,,,,toss-up,N,varies,0,Competitive House district
Tom Suozzi,D,New York,36,,,,House,NY-3 2026,,,,TBD,,,,,lean-D,N,varies,0,Competitive House district
Laura Gillen,D,New York,36,,,,House,NY-4 2026,,,,TBD,,,,,lean-D,N,varies,0,Competitive House district
Don Davis,D,North Carolina,37,,,,House,NC-1 2026,,,,TBD,,,,,lean-D,N,varies,0,Competitive House district
Marcy Kaptur,D,Ohio,39,,,,House,OH-9 2026,,,,TBD,,,,,lean-D,N,varies,0,Competitive House district
Brian Fitzpatrick,R,Pennsylvania,42,,,,House,PA-1 2026,,,,TBD,,,,,lean-R,N,varies,0,Competitive House district
Ryan Mackenzie,R,Pennsylvania,42,,,,House,PA-7 2026,,,,TBD,,,,,toss-up,N,varies,0,Competitive House district
Rob Bresnahan,D,Pennsylvania,42,,,,House,PA-8 2026,,,,TBD,,,,,toss-up,N,varies,0,Competitive House district
Monica De La Cruz,R,Texas,48,,,,House,TX-15 2026,,,,TBD,,,,,lean-R,N,varies,0,Competitive House district
Henry Cuellar,D,Texas,48,,,,House,TX-28 2026,,,,TBD,,,,,lean-D,N,varies,0,Competitive House district
Eugene Vindman,D,Virginia,51,,,,House,VA-7 2026,,,,TBD,,,,,lean-D,N,varies,0,Competitive House district
Marie Gluesenkamp Perez,D,Washington,53,,,,House,WA-3 2026,,,,TBD,,,,,toss-up,N,varies,0,Competitive House district
Derrick Van Orden,R,Wisconsin,55,,,,House,WI-3 2026,,,,TBD,,,,,toss-up,N,varies,0,Competitive House district
Nick Begich,R,Alaska,2,1,,,House,AK-1 2026,,,,Y,,,,,lean-R,N,varies,0,Switched from AK-AL to AK-1 after redistricting
Eli Crane,R,Arizona,4,2,,,House,AZ-2 2026,,,,Y,,,,,lean-R,N,varies,0,
Juan Ciscomani,R,Arizona,4,6,,,House,AZ-6 2026,,,,Y,,,,,lean-R,N,varies,0,Won 2024 by 3pts
Doug LaMalfa,R,California,6,1,,,House,CA-1 2026,,,,Y,,,,,lean-R,N,varies,0,DIED Jan 6 2026; special election Aug 4
Derek Tran,D,California,6,45,,,House,CA-45 2026,,,,Y,,,,,lean-D,N,varies,0,Flipped from Michelle Steel 2024
Maria Elvira Salazar,R,Florida,12,27,,,House,FL-27 2026,,,,Y,,,,,lean-R,N,varies,0,
Lucy McBath,D,Georgia,13,7,,,House,GA-7 2026,,,,Y,,,,,lean-D,N,varies,0,
Rich McCormick,R,Georgia,13,6,,,House,GA-6 2026,,,,Y,,,,,lean-R,N,varies,0,
Mariannette Miller-Meeks,R,Iowa,19,1,,,House,IA-1 2026,,,,Y,,,,,lean-R,N,varies,0,
Zach Nunn,R,Iowa,19,3,,,House,IA-3 2026,,,,Y,,,,,lean-R,N,varies,0,Won 2024 by 2pts in D+3 district
Jared Golden,D,Maine,23,2,,,House,ME-2 2026,,,,Y,,,,,toss-up,N,varies,0,Golden not running for reelection; open seat
Paul Junge,R,Michigan,26,8,,,House,MI-8 2026,,,,Y,,,,,lean-R,N,varies,0,
Ryan Zinke,R,Montana,30,1,,,House,MT-1 2026,,,,Y,,,,,lean-R,N,varies,0,
Don Bacon,R,Nebraska,31,2,,,House,NE-2 2026,,,,Y,,,,,toss-up,N,varies,0,Won 2024 by <1pt; most vulnerable R in House
Chris Pappas,D,New Hampshire,33,1,,,House,NH-1 2026,,,,Y,,,,,lean-D,N,varies,0,Pappas leaving House for Senate; open seat
Annie Kuster,D,New Hampshire,33,2,,,House,NH-2 2026,,,,Y,,,,,lean-D,N,varies,0,Kuster retiring; open seat
Tom Kean Jr.,R,New Jersey,34,7,,,House,NJ-7 2026,,,,Y,,,,,toss-up,N,varies,0,Won 2024 narrowly; top D target
Rob Menendez,D,New Jersey,34,8,,,House,NJ-8 2026,,,,Y,,,,,lean-D,N,varies,0,
Tom Suozzi,D,New York,36,3,,,House,NY-3 2026,,,,Y,,,,,lean-D,N,varies,0,Won special election 2024
Laura Gillen,D,New York,36,4,,,House,NY-4 2026,,,,Y,,,,,lean-D,N,varies,0,Flipped from Garbarino 2024
Mike Lawler,R,New York,36,17,,,House,NY-17 2026,,,,Y,,,,,toss-up,N,varies,0,Top D target; Biden+5 district
Patrick Ryan,D,New York,36,18,,,House,NY-18 2026,,,,Y,,,,,lean-D,N,varies,0,
Marc Molinaro,R,New York,36,19,,,House,NY-19 2026,,,,Y,,,,,lean-R,N,varies,0,Won 2024 in Biden+1 district
Brandon Williams,R,New York,36,22,,,House,NY-22 2026,,,,Y,,,,,lean-R,N,varies,0,
Don Davis,D,North Carolina,37,1,,,House,NC-1 2026,,,,Y,,,,,lean-D,N,varies,0,Won 2024 by 2pts; Trump+11 district
Jeff Jackson (not running),D,North Carolina,37,6,,,House,NC-6 2026,,,,N,,,,,lean-D,N,varies,0,Jackson running for Gov; open seat
Jeff Pittman,D,North Carolina,37,13,,,House,NC-13 2026,,,,Y,,,,,toss-up,N,varies,0,
TBD,R,Ohio,39,1,,,House,OH-1 2026,,,,N,,,,,lean-R,N,varies,0,Open seat after redistricting
Emilia Sykes,D,Ohio,39,13,,,House,OH-13 2026,,,,Y,,,,,lean-D,N,varies,0,
Brian Fitzpatrick,R,Pennsylvania,42,1,,,House,PA-1 2026,,,,Y,,,,,lean-R,N,varies,0,Most bipartisan R in House; Biden+2 district
Ryan Mackenzie,R,Pennsylvania,42,7,,,House,PA-7 2026,,,,Y,,,,,toss-up,N,varies,0,Won 2024 by <1pt
Rob Bresnahan,R,Pennsylvania,42,8,,,House,PA-8 2026,,,,Y,,,,,toss-up,N,varies,0,Open seat after Cartwright lost 2024
Scott Perry,R,Pennsylvania,42,10,,,House,PA-10 2026,,,,Y,,,,,lean-R,N,varies,0,
Chris Deluzio,D,Pennsylvania,42,17,,,House,PA-17 2026,,,,Y,,,,,lean-D,N,varies,0,
Monica De La Cruz,R,Texas,48,15,,,House,TX-15 2026,,,,Y,,,,,lean-R,N,varies,0,
Henry Cuellar,D,Texas,48,28,,,House,TX-28 2026,,,,Y,,,,,lean-D,N,varies,0,Cuellar federal bribery indictment — future uncertain
Vicente Gonzalez,D,Texas,48,34,,,House,TX-34 2026,,,,Y,,,,,lean-D,N,varies,0,
Eugene Vindman,D,Virginia,51,7,,,House,VA-7 2026,,,,Y,,,,,lean-D,N,varies,0,Won open seat 2024 in Biden+8
Kim Schrier,D,Washington,53,8,,,House,WA-8 2026,,,,Y,,,,,lean-D,N,varies,0,
TBD (multiple candidates),D,Alabama,1,,,,State Leg (Upper),Alabama State Senate 2026 (D seats),,,,TBD,,,,,solid-R,N,varies,0,State leg candidates TBD — populate after filing deadlines May-Jun 2026
TBD (multiple candidates),R,Alabama,1,,,,State Leg (Upper),Alabama State Senate 2026 (R seats),,,,TBD,,,,,solid-R,N,varies,0,State leg candidates TBD — populate after filing deadlines May-Jun 2026
TBD (multiple candidates),D,Alaska,2,,,,State Leg (Upper),Alaska State Senate 2026 (D seats),,,,TBD,,,,,lean-R,N,varies,0,State leg candidates TBD — populate after filing deadlines May-Jun 2026
TBD (multiple candidates),R,Alaska,2,,,,State Leg (Upper),Alaska State Senate 2026 (R seats),,,,TBD,,,,,lean-R,N,varies,0,State leg candidates TBD — populate after filing deadlines May-Jun 2026
TBD (multiple candidates),D,Arizona,4,,,,State Leg (Upper),Arizona State Senate 2026 (D seats),,,,TBD,,,,,toss-up,N,varies,0,State leg candidates TBD — populate after filing deadlines May-Jun 2026
TBD (multiple candidates),R,Arizona,4,,,,State Leg (Upper),Arizona State Senate 2026 (R seats),,,,TBD,,,,,toss-up,N,varies,0,State leg candidates TBD — populate after filing deadlines May-Jun 2026
TBD (multiple candidates),D,Arkansas,5,,,,State Leg (Upper),Arkansas State Senate 2026 (D seats),,,,TBD,,,,,solid-R,N,varies,0,State leg candidates TBD — populate after filing deadlines May-Jun 2026
TBD (multiple candidates),R,Arkansas,5,,,,State Leg (Upper),Arkansas State Senate 2026 (R seats),,,,TBD,,,,,solid-R,N,varies,0,State leg candidates TBD — populate after filing deadlines May-Jun 2026
TBD (multiple candidates),D,California,6,,,,State Leg (Upper),California State Senate 2026 (D seats),,,,TBD,,,,,solid-D,N,varies,0,State leg candidates TBD — populate after filing deadlines May-Jun 2026
TBD (multiple candidates),R,California,6,,,,State Leg (Upper),California State Senate 2026 (R seats),,,,TBD,,,,,solid-D,N,varies,0,State leg candidates TBD — populate after filing deadlines May-Jun 2026
TBD (multiple candidates),D,Colorado,8,,,,State Leg (Upper),Colorado State Senate 2026 (D seats),,,,TBD,,,,,solid-D,N,varies,0,State leg candidates TBD — populate after filing deadlines May-Jun 2026
TBD (multiple candidates),R,Colorado,8,,,,State Leg (Upper),Colorado State Senate 2026 (R seats),,,,TBD,,,,,solid-D,N,varies,0,State leg candidates TBD — populate after filing deadlines May-Jun 2026
TBD (multiple candidates),D,Connecticut,9,,,,State Leg (Upper),Connecticut State Senate 2026 (D seats),,,,TBD,,,,,solid-D,N,varies,0,State leg candidates TBD — populate after filing deadlines May-Jun 2026
TBD (multiple candidates),R,Connecticut,9,,,,State Leg (Upper),Connecticut State Senate 2026 (R seats),,,,TBD,,,,,solid-D,N,varies,0,State leg candidates TBD — populate after filing deadlines May-Jun 2026
TBD (multiple candidates),D,Delaware,10,,,,State Leg (Upper),Delaware State Senate 2026 (D seats),,,,TBD,,,,,solid-D,N,varies,0,State leg candidates TBD — populate after filing deadlines May-Jun 2026
TBD (multiple candidates),R,Delaware,10,,,,State Leg (Upper),Delaware State Senate 2026 (R seats),,,,TBD,,,,,solid-D,N,varies,0,State leg candidates TBD — populate after filing deadlines May-Jun 2026
TBD (multiple candidates),D,Florida,12,,,,State Leg (Upper),Florida State Senate 2026 (D seats),,,,TBD,,,,,lean-R,N,varies,0,State leg candidates TBD — populate after filing deadlines May-Jun 2026
TBD (multiple candidates),R,Florida,12,,,,State Leg (Upper),Florida State Senate 2026 (R seats),,,,TBD,,,,,lean-R,N,varies,0,State leg candidates TBD — populate after filing deadlines May-Jun 2026
TBD (multiple candidates),D,Georgia,13,,,,State Leg (Upper),Georgia State Senate 2026 (D seats),,,,TBD,,,,,solid-D,N,varies,0,State leg candidates TBD — populate after filing deadlines May-Jun 2026
TBD (multiple candidates),R,Georgia,13,,,,State Leg (Upper),Georgia State Senate 2026 (R seats),,,,TBD,,,,,solid-D,N,varies,0,State leg candidates TBD — populate after filing deadlines May-Jun 2026
TBD (multiple candidates),D,Hawaii,15,,,,State Leg (Upper),Hawaii State Senate 2026 (D seats),,,,TBD,,,,,solid-D,N,varies,0,State leg candidates TBD — populate after filing deadlines May-Jun 2026
TBD (multiple candidates),R,Hawaii,15,,,,State Leg (Upper),Hawaii State Senate 2026 (R seats),,,,TBD,,,,,solid-D,N,varies,0,State leg candidates TBD — populate after filing deadlines May-Jun 2026
TBD (multiple candidates),D,Idaho,16,,,,State Leg (Upper),Idaho State Senate 2026 (D seats),,,,TBD,,,,,solid-R,N,varies,0,State leg candidates TBD — populate after filing deadlines May-Jun 2026
TBD (multiple candidates),R,Idaho,16,,,,State Leg (Upper),Idaho State Senate 2026 (R seats),,,,TBD,,,,,solid-R,N,varies,0,State leg candidates TBD — populate after filing deadlines May-Jun 2026
TBD (multiple candidates),D,Illinois,17,,,,State Leg (Upper),Illinois State Senate 2026 (D seats),,,,TBD,,,,,solid-D,N,varies,0,State leg candidates TBD — populate after filing deadlines May-Jun 2026
TBD (multiple candidates),R,Illinois,17,,,,State Leg (Upper),Illinois State Senate 2026 (R seats),,,,TBD,,,,,solid-D,N,varies,0,State leg candidates TBD — populate after filing deadlines May-Jun 2026
TBD (multiple candidates),D,Indiana,18,,,,State Leg (Upper),Indiana State Senate 2026 (D seats),,,,TBD,,,,,solid-R,N,varies,0,State leg candidates TBD — populate after filing deadlines May-Jun 2026
TBD (multiple candidates),R,Indiana,18,,,,State Leg (Upper),Indiana State Senate 2026 (R seats),,,,TBD,,,,,solid-R,N,varies,0,State leg candidates TBD — populate after filing deadlines May-Jun 2026
TBD (multiple candidates),D,Iowa,19,,,,State Leg (Upper),Iowa State Senate 2026 (D seats),,,,TBD,,,,,lean-R,N,varies,0,State leg candidates TBD — populate after filing deadlines May-Jun 2026
TBD (multiple candidates),R,Iowa,19,,,,State Leg (Upper),Iowa State Senate 2026 (R seats),,,,TBD,,,,,lean-R,N,varies,0,State leg candidates TBD — populate after filing deadlines May-Jun 2026
TBD (multiple candidates),D,Kentucky,21,,,,State Leg (Upper),Kentucky State Senate 2026 (D seats),,,,TBD,,,,,solid-D,N,varies,0,State leg candidates TBD — populate after filing deadlines May-Jun 2026
TBD (multiple candidates),R,Kentucky,21,,,,State Leg (Upper),Kentucky State Senate 2026 (R seats),,,,TBD,,,,,solid-D,N,varies,0,State leg candidates TBD — populate after filing deadlines May-Jun 2026
TBD (multiple candidates),D,Louisiana,22,,,,State Leg (Upper),Louisiana State Senate 2026 (D seats),,,,TBD,,,,,solid-R,N,varies,0,State leg candidates TBD — populate after filing deadlines May-Jun 2026
TBD (multiple candidates),R,Louisiana,22,,,,State Leg (Upper),Louisiana State Senate 2026 (R seats),,,,TBD,,,,,solid-R,N,varies,0,State leg candidates TBD — populate after filing deadlines May-Jun 2026
TBD (multiple candidates),D,Maine,23,,,,State Leg (Upper),Maine State Senate 2026 (D seats),,,,TBD,,,,,lean-D,N,varies,0,State leg candidates TBD — populate after filing deadlines May-Jun 2026
TBD (multiple candidates),R,Maine,23,,,,State Leg (Upper),Maine State Senate 2026 (R seats),,,,TBD,,,,,lean-D,N,varies,0,State leg candidates TBD — populate after filing deadlines May-Jun 2026
TBD (multiple candidates),D,Maryland,24,,,,State Leg (Upper),Maryland State Senate 2026 (D seats),,,,TBD,,,,,solid-D,N,varies,0,State leg candidates TBD — populate after filing deadlines May-Jun 2026
TBD (multiple candidates),R,Maryland,24,,,,State Leg (Upper),Maryland State Senate 2026 (R seats),,,,TBD,,,,,solid-D,N,varies,0,State leg candidates TBD — populate after filing deadlines May-Jun 2026
TBD (multiple candidates),D,Massachusetts,25,,,,State Leg (Upper),Massachusetts State Senate 2026 (D seats),,,,TBD,,,,,solid-D,N,varies,0,State leg candidates TBD — populate after filing deadlines May-Jun 2026
TBD (multiple candidates),R,Massachusetts,25,,,,State Leg (Upper),Massachusetts State Senate 2026 (R seats),,,,TBD,,,,,solid-D,N,varies,0,State leg candidates TBD — populate after filing deadlines May-Jun 2026
TBD (multiple candidates),D,Michigan,26,,,,State Leg (Upper),Michigan State Senate 2026 (D seats),,,,TBD,,,,,toss-up,N,varies,0,State leg candidates TBD — populate after filing deadlines May-Jun 2026
TBD (multiple candidates),R,Michigan,26,,,,State Leg (Upper),Michigan State Senate 2026 (R seats),,,,TBD,,,,,toss-up,N,varies,0,State leg candidates TBD — populate after filing deadlines May-Jun 2026
TBD (multiple candidates),D,Minnesota,27,,,,State Leg (Upper),Minnesota State Senate 2026 (D seats),,,,TBD,,,,,toss-up,N,varies,0,State leg candidates TBD — populate after filing deadlines May-Jun 2026
TBD (multiple candidates),R,Minnesota,27,,,,State Leg (Upper),Minnesota State Senate 2026 (R seats),,,,TBD,,,,,toss-up,N,varies,0,State leg candidates TBD — populate after filing deadlines May-Jun 2026
TBD (multiple candidates),D,Missouri,29,,,,State Leg (Upper),Missouri State Senate 2026 (D seats),,,,TBD,,,,,lean-R,N,varies,0,State leg candidates TBD — populate after filing deadlines May-Jun 2026
TBD (multiple candidates),R,Missouri,29,,,,State Leg (Upper),Missouri State Senate 2026 (R seats),,,,TBD,,,,,lean-R,N,varies,0,State leg candidates TBD — populate after filing deadlines May-Jun 2026
TBD (multiple candidates),D,Montana,30,,,,State Leg (Upper),Montana State Senate 2026 (D seats),,,,TBD,,,,,solid-R,N,varies,0,State leg candidates TBD — populate after filing deadlines May-Jun 2026
TBD (multiple candidates),R,Montana,30,,,,State Leg (Upper),Montana State Senate 2026 (R seats),,,,TBD,,,,,solid-R,N,varies,0,State leg candidates TBD — populate after filing deadlines May-Jun 2026
TBD (multiple candidates),D,Nebraska,31,,,,State Leg (Upper),Nebraska State Senate 2026 (D seats),,,,TBD,,,,,solid-R,N,varies,0,State leg candidates TBD — populate after filing deadlines May-Jun 2026
TBD (multiple candidates),R,Nebraska,31,,,,State Leg (Upper),Nebraska State Senate 2026 (R seats),,,,TBD,,,,,solid-R,N,varies,0,State leg candidates TBD — populate after filing deadlines May-Jun 2026
TBD (multiple candidates),D,Nevada,32,,,,State Leg (Upper),Nevada State Senate 2026 (D seats),,,,TBD,,,,,solid-D,N,varies,0,State leg candidates TBD — populate after filing deadlines May-Jun 2026
TBD (multiple candidates),R,Nevada,32,,,,State Leg (Upper),Nevada State Senate 2026 (R seats),,,,TBD,,,,,solid-D,N,varies,0,State leg candidates TBD — populate after filing deadlines May-Jun 2026
TBD (multiple candidates),D,New Hampshire,33,,,,State Leg (Upper),New Hampshire State Senate 2026 (D seats),,,,TBD,,,,,toss-up,N,varies,0,State leg candidates TBD — populate after filing deadlines May-Jun 2026
TBD (multiple candidates),R,New Hampshire,33,,,,State Leg (Upper),New Hampshire State Senate 2026 (R seats),,,,TBD,,,,,toss-up,N,varies,0,State leg candidates TBD — populate after filing deadlines May-Jun 2026
TBD (multiple candidates),D,New Jersey,34,,,,State Leg (Upper),New Jersey State Senate 2026 (D seats),,,,TBD,,,,,solid-D,N,varies,0,State leg candidates TBD — populate after filing deadlines May-Jun 2026
TBD (multiple candidates),R,New Jersey,34,,,,State Leg (Upper),New Jersey State Senate 2026 (R seats),,,,TBD,,,,,solid-D,N,varies,0,State leg candidates TBD — populate after filing deadlines May-Jun 2026
TBD (multiple candidates),D,New Mexico,35,,,,State Leg (Upper),New Mexico State Senate 2026 (D seats),,,,TBD,,,,,solid-D,N,varies,0,State leg candidates TBD — populate after filing deadlines May-Jun 2026
TBD (multiple candidates),R,New Mexico,35,,,,State Leg (Upper),New Mexico State Senate 2026 (R seats),,,,TBD,,,,,solid-D,N,varies,0,State leg candidates TBD — populate after filing deadlines May-Jun 2026
TBD (multiple candidates),D,New York,36,,,,State Leg (Upper),New York State Senate 2026 (D seats),,,,TBD,,,,,solid-D,N,varies,0,State leg candidates TBD — populate after filing deadlines May-Jun 2026
TBD (multiple candidates),R,New York,36,,,,State Leg (Upper),New York State Senate 2026 (R seats),,,,TBD,,,,,solid-D,N,varies,0,State leg candidates TBD — populate after filing deadlines May-Jun 2026
TBD (multiple candidates),D,North Carolina,37,,,,State Leg (Upper),North Carolina State Senate 2026 (D seats),,,,TBD,,,,,lean-R,N,varies,0,State leg candidates TBD — populate after filing deadlines May-Jun 2026
TBD (multiple candidates),R,North Carolina,37,,,,State Leg (Upper),North Carolina State Senate 2026 (R seats),,,,TBD,,,,,lean-R,N,varies,0,State leg candidates TBD — populate after filing deadlines May-Jun 2026
TBD (multiple candidates),D,North Dakota,38,,,,State Leg (Upper),North Dakota State Senate 2026 (D seats),,,,TBD,,,,,solid-R,N,varies,0,State leg candidates TBD — populate after filing deadlines May-Jun 2026
TBD (multiple candidates),R,North Dakota,38,,,,State Leg (Upper),North Dakota State Senate 2026 (R seats),,,,TBD,,,,,solid-R,N,varies,0,State leg candidates TBD — populate after filing deadlines May-Jun 2026
TBD (multiple candidates),D,Ohio,39,,,,State Leg (Upper),Ohio State Senate 2026 (D seats),,,,TBD,,,,,solid-D,N,varies,0,State leg candidates TBD — populate after filing deadlines May-Jun 2026
TBD (multiple candidates),R,Ohio,39,,,,State Leg (Upper),Ohio State Senate 2026 (R seats),,,,TBD,,,,,solid-D,N,varies,0,State leg candidates TBD — populate after filing deadlines May-Jun 2026
TBD (multiple candidates),D,Oklahoma,40,,,,State Leg (Upper),Oklahoma State Senate 2026 (D seats),,,,TBD,,,,,solid-R,N,varies,0,State leg candidates TBD — populate after filing deadlines May-Jun 2026
TBD (multiple candidates),R,Oklahoma,40,,,,State Leg (Upper),Oklahoma State Senate 2026 (R seats),,,,TBD,,,,,solid-R,N,varies,0,State leg candidates TBD — populate after filing deadlines May-Jun 2026
TBD (multiple candidates),D,Oregon,41,,,,State Leg (Upper),Oregon State Senate 2026 (D seats),,,,TBD,,,,,solid-D,N,varies,0,State leg candidates TBD — populate after filing deadlines May-Jun 2026
TBD (multiple candidates),R,Oregon,41,,,,State Leg (Upper),Oregon State Senate 2026 (R seats),,,,TBD,,,,,solid-D,N,varies,0,State leg candidates TBD — populate after filing deadlines May-Jun 2026
TBD (multiple candidates),D,Pennsylvania,42,,,,State Leg (Upper),Pennsylvania State Senate 2026 (D seats),,,,TBD,,,,,lean-D,N,varies,0,State leg candidates TBD — populate after filing deadlines May-Jun 2026
TBD (multiple candidates),R,Pennsylvania,42,,,,State Leg (Upper),Pennsylvania State Senate 2026 (R seats),,,,TBD,,,,,lean-D,N,varies,0,State leg candidates TBD — populate after filing deadlines May-Jun 2026
TBD (multiple candidates),D,Rhode Island,44,,,,State Leg (Upper),Rhode Island State Senate 2026 (D seats),,,,TBD,,,,,solid-D,N,varies,0,State leg candidates TBD — populate after filing deadlines May-Jun 2026
TBD (multiple candidates),R,Rhode Island,44,,,,State Leg (Upper),Rhode Island State Senate 2026 (R seats),,,,TBD,,,,,solid-D,N,varies,0,State leg candidates TBD — populate after filing deadlines May-Jun 2026
TBD (multiple candidates),D,South Dakota,46,,,,State Leg (Upper),South Dakota State Senate 2026 (D seats),,,,TBD,,,,,solid-R,N,varies,0,State leg candidates TBD — populate after filing deadlines May-Jun 2026
TBD (multiple candidates),R,South Dakota,46,,,,State Leg (Upper),South Dakota State Senate 2026 (R seats),,,,TBD,,,,,solid-R,N,varies,0,State leg candidates TBD — populate after filing deadlines May-Jun 2026
TBD (multiple candidates),D,Tennessee,47,,,,State Leg (Upper),Tennessee State Senate 2026 (D seats),,,,TBD,,,,,solid-R,N,varies,0,State leg candidates TBD — populate after filing deadlines May-Jun 2026
TBD (multiple candidates),R,Tennessee,47,,,,State Leg (Upper),Tennessee State Senate 2026 (R seats),,,,TBD,,,,,solid-R,N,varies,0,State leg candidates TBD — populate after filing deadlines May-Jun 2026
TBD (multiple candidates),D,Texas,48,,,,State Leg (Upper),Texas State Senate 2026 (D seats),,,,TBD,,,,,lean-R,N,varies,0,State leg candidates TBD — populate after filing deadlines May-Jun 2026
TBD (multiple candidates),R,Texas,48,,,,State Leg (Upper),Texas State Senate 2026 (R seats),,,,TBD,,,,,lean-R,N,varies,0,State leg candidates TBD — populate after filing deadlines May-Jun 2026
TBD (multiple candidates),D,Utah,49,,,,State Leg (Upper),Utah State Senate 2026 (D seats),,,,TBD,,,,,solid-R,N,varies,0,State leg candidates TBD — populate after filing deadlines May-Jun 2026
TBD (multiple candidates),R,Utah,49,,,,State Leg (Upper),Utah State Senate 2026 (R seats),,,,TBD,,,,,solid-R,N,varies,0,State leg candidates TBD — populate after filing deadlines May-Jun 2026
TBD (multiple candidates),D,Vermont,50,,,,State Leg (Upper),Vermont State Senate 2026 (D seats),,,,TBD,,,,,solid-D,N,varies,0,State leg candidates TBD — populate after filing deadlines May-Jun 2026
TBD (multiple candidates),R,Vermont,50,,,,State Leg (Upper),Vermont State Senate 2026 (R seats),,,,TBD,,,,,solid-D,N,varies,0,State leg candidates TBD — populate after filing deadlines May-Jun 2026
TBD (multiple candidates),D,Virginia,51,,,,State Leg (Upper),Virginia State Senate 2026 (D seats),,,,TBD,,,,,solid-D,N,varies,0,State leg candidates TBD — populate after filing deadlines May-Jun 2026
TBD (multiple candidates),R,Virginia,51,,,,State Leg (Upper),Virginia State Senate 2026 (R seats),,,,TBD,,,,,solid-D,N,varies,0,State leg candidates TBD — populate after filing deadlines May-Jun 2026
TBD (multiple candidates),D,Washington,53,,,,State Leg (Upper),Washington State Senate 2026 (D seats),,,,TBD,,,,,solid-D,N,varies,0,State leg candidates TBD — populate after filing deadlines May-Jun 2026
TBD (multiple candidates),R,Washington,53,,,,State Leg (Upper),Washington State Senate 2026 (R seats),,,,TBD,,,,,solid-D,N,varies,0,State leg candidates TBD — populate after filing deadlines May-Jun 2026
TBD (multiple candidates),D,West Virginia,54,,,,State Leg (Upper),West Virginia State Senate 2026 (D seats),,,,TBD,,,,,solid-R,N,varies,0,State leg candidates TBD — populate after filing deadlines May-Jun 2026
TBD (multiple candidates),R,West Virginia,54,,,,State Leg (Upper),West Virginia State Senate 2026 (R seats),,,,TBD,,,,,solid-R,N,varies,0,State leg candidates TBD — populate after filing deadlines May-Jun 2026
TBD (multiple candidates),D,Wisconsin,55,,,,State Leg (Upper),Wisconsin State Senate 2026 (D seats),,,,TBD,,,,,toss-up,N,varies,0,State leg candidates TBD — populate after filing deadlines May-Jun 2026
TBD (multiple candidates),R,Wisconsin,55,,,,State Leg (Upper),Wisconsin State Senate 2026 (R seats),,,,TBD,,,,,toss-up,N,varies,0,State leg candidates TBD — populate after filing deadlines May-Jun 2026
TBD (multiple candidates),D,Wyoming,56,,,,State Leg (Upper),Wyoming State Senate 2026 (D seats),,,,TBD,,,,,solid-R,N,varies,0,State leg candidates TBD — populate after filing deadlines May-Jun 2026
TBD (multiple candidates),R,Wyoming,56,,,,State Leg (Upper),Wyoming State Senate 2026 (R seats),,,,TBD,,,,,solid-R,N,varies,0,State leg candidates TBD — populate after filing deadlines May-Jun 2026
TBD (multiple candidates),D,Alabama,1,,,,State Leg (Lower),Alabama State House 2026 (D seats),,,,TBD,,,,,solid-R,N,varies,0,State leg candidates TBD — populate after filing deadlines May-Jun 2026
TBD (multiple candidates),R,Alabama,1,,,,State Leg (Lower),Alabama State House 2026 (R seats),,,,TBD,,,,,solid-R,N,varies,0,State leg candidates TBD — populate after filing deadlines May-Jun 2026
TBD (multiple candidates),D,Alaska,2,,,,State Leg (Lower),Alaska State House 2026 (D seats),,,,TBD,,,,,lean-R,N,varies,0,State leg candidates TBD — populate after filing deadlines May-Jun 2026
TBD (multiple candidates),R,Alaska,2,,,,State Leg (Lower),Alaska State House 2026 (R seats),,,,TBD,,,,,lean-R,N,varies,0,State leg candidates TBD — populate after filing deadlines May-Jun 2026
TBD (multiple candidates),D,Arizona,4,,,,State Leg (Lower),Arizona State House 2026 (D seats),,,,TBD,,,,,toss-up,N,varies,0,State leg candidates TBD — populate after filing deadlines May-Jun 2026
TBD (multiple candidates),R,Arizona,4,,,,State Leg (Lower),Arizona State House 2026 (R seats),,,,TBD,,,,,toss-up,N,varies,0,State leg candidates TBD — populate after filing deadlines May-Jun 2026
TBD (multiple candidates),D,Arkansas,5,,,,State Leg (Lower),Arkansas State House 2026 (D seats),,,,TBD,,,,,solid-R,N,varies,0,State leg candidates TBD — populate after filing deadlines May-Jun 2026
TBD (multiple candidates),R,Arkansas,5,,,,State Leg (Lower),Arkansas State House 2026 (R seats),,,,TBD,,,,,solid-R,N,varies,0,State leg candidates TBD — populate after filing deadlines May-Jun 2026
TBD (multiple candidates),D,California,6,,,,State Leg (Lower),California State House 2026 (D seats),,,,TBD,,,,,solid-D,N,varies,0,State leg candidates TBD — populate after filing deadlines May-Jun 2026
TBD (multiple candidates),R,California,6,,,,State Leg (Lower),California State House 2026 (R seats),,,,TBD,,,,,solid-D,N,varies,0,State leg candidates TBD — populate after filing deadlines May-Jun 2026
TBD (multiple candidates),D,Colorado,8,,,,State Leg (Lower),Colorado State House 2026 (D seats),,,,TBD,,,,,solid-D,N,varies,0,State leg candidates TBD — populate after filing deadlines May-Jun 2026
TBD (multiple candidates),R,Colorado,8,,,,State Leg (Lower),Colorado State House 2026 (R seats),,,,TBD,,,,,solid-D,N,varies,0,State leg candidates TBD — populate after filing deadlines May-Jun 2026
TBD (multiple candidates),D,Connecticut,9,,,,State Leg (Lower),Connecticut State House 2026 (D seats),,,,TBD,,,,,solid-D,N,varies,0,State leg candidates TBD — populate after filing deadlines May-Jun 2026
TBD (multiple candidates),R,Connecticut,9,,,,State Leg (Lower),Connecticut State House 2026 (R seats),,,,TBD,,,,,solid-D,N,varies,0,State leg candidates TBD — populate after filing deadlines May-Jun 2026
TBD (multiple candidates),D,Delaware,10,,,,State Leg (Lower),Delaware State House 2026 (D seats),,,,TBD,,,,,solid-D,N,varies,0,State leg candidates TBD — populate after filing deadlines May-Jun 2026
TBD (multiple candidates),R,Delaware,10,,,,State Leg (Lower),Delaware State House 2026 (R seats),,,,TBD,,,,,solid-D,N,varies,0,State leg candidates TBD — populate after filing deadlines May-Jun 2026
TBD (multiple candidates),D,Florida,12,,,,State Leg (Lower),Florida State House 2026 (D seats),,,,TBD,,,,,lean-R,N,varies,0,State leg candidates TBD — populate after filing deadlines May-Jun 2026
TBD (multiple candidates),R,Florida,12,,,,State Leg (Lower),Florida State House 2026 (R seats),,,,TBD,,,,,lean-R,N,varies,0,State leg candidates TBD — populate after filing deadlines May-Jun 2026
TBD (multiple candidates),D,Georgia,13,,,,State Leg (Lower),Georgia State House 2026 (D seats),,,,TBD,,,,,lean-R,N,varies,0,State leg candidates TBD — populate after filing deadlines May-Jun 2026
TBD (multiple candidates),R,Georgia,13,,,,State Leg (Lower),Georgia State House 2026 (R seats),,,,TBD,,,,,lean-R,N,varies,0,State leg candidates TBD — populate after filing deadlines May-Jun 2026
TBD (multiple candidates),D,Hawaii,15,,,,State Leg (Lower),Hawaii State House 2026 (D seats),,,,TBD,,,,,solid-D,N,varies,0,State leg candidates TBD — populate after filing deadlines May-Jun 2026
TBD (multiple candidates),R,Hawaii,15,,,,State Leg (Lower),Hawaii State House 2026 (R seats),,,,TBD,,,,,solid-D,N,varies,0,State leg candidates TBD — populate after filing deadlines May-Jun 2026
TBD (multiple candidates),D,Idaho,16,,,,State Leg (Lower),Idaho State House 2026 (D seats),,,,TBD,,,,,solid-R,N,varies,0,State leg candidates TBD — populate after filing deadlines May-Jun 2026
TBD (multiple candidates),R,Idaho,16,,,,State Leg (Lower),Idaho State House 2026 (R seats),,,,TBD,,,,,solid-R,N,varies,0,State leg candidates TBD — populate after filing deadlines May-Jun 2026
TBD (multiple candidates),D,Illinois,17,,,,State Leg (Lower),Illinois State House 2026 (D seats),,,,TBD,,,,,solid-D,N,varies,0,State leg candidates TBD — populate after filing deadlines May-Jun 2026
TBD (multiple candidates),R,Illinois,17,,,,State Leg (Lower),Illinois State House 2026 (R seats),,,,TBD,,,,,solid-D,N,varies,0,State leg candidates TBD — populate after filing deadlines May-Jun 2026
TBD (multiple candidates),D,Indiana,18,,,,State Leg (Lower),Indiana State House 2026 (D seats),,,,TBD,,,,,solid-R,N,varies,0,State leg candidates TBD — populate after filing deadlines May-Jun 2026
TBD (multiple candidates),R,Indiana,18,,,,State Leg (Lower),Indiana State House 2026 (R seats),,,,TBD,,,,,solid-R,N,varies,0,State leg candidates TBD — populate after filing deadlines May-Jun 2026
TBD (multiple candidates),D,Iowa,19,,,,State Leg (Lower),Iowa State House 2026 (D seats),,,,TBD,,,,,lean-R,N,varies,0,State leg candidates TBD — populate after filing deadlines May-Jun 2026
TBD (multiple candidates),R,Iowa,19,,,,State Leg (Lower),Iowa State House 2026 (R seats),,,,TBD,,,,,lean-R,N,varies,0,State leg candidates TBD — populate after filing deadlines May-Jun 2026
TBD (multiple candidates),D,Kansas,20,,,,State Leg (Lower),Kansas State House 2026 (D seats),,,,TBD,,,,,lean-R,N,varies,0,State leg candidates TBD — populate after filing deadlines May-Jun 2026
TBD (multiple candidates),R,Kansas,20,,,,State Leg (Lower),Kansas State House 2026 (R seats),,,,TBD,,,,,lean-R,N,varies,0,State leg candidates TBD — populate after filing deadlines May-Jun 2026
TBD (multiple candidates),D,Kentucky,21,,,,State Leg (Lower),Kentucky State House 2026 (D seats),,,,TBD,,,,,solid-D,N,varies,0,State leg candidates TBD — populate after filing deadlines May-Jun 2026
TBD (multiple candidates),R,Kentucky,21,,,,State Leg (Lower),Kentucky State House 2026 (R seats),,,,TBD,,,,,solid-D,N,varies,0,State leg candidates TBD — populate after filing deadlines May-Jun 2026
TBD (multiple candidates),D,Louisiana,22,,,,State Leg (Lower),Louisiana State House 2026 (D seats),,,,TBD,,,,,solid-R,N,varies,0,State leg candidates TBD — populate after filing deadlines May-Jun 2026
TBD (multiple candidates),R,Louisiana,22,,,,State Leg (Lower),Louisiana State House 2026 (R seats),,,,TBD,,,,,solid-R,N,varies,0,State leg candidates TBD — populate after filing deadlines May-Jun 2026
TBD (multiple candidates),D,Maine,23,,,,State Leg (Lower),Maine State House 2026 (D seats),,,,TBD,,,,,lean-D,N,varies,0,State leg candidates TBD — populate after filing deadlines May-Jun 2026
TBD (multiple candidates),R,Maine,23,,,,State Leg (Lower),Maine State House 2026 (R seats),,,,TBD,,,,,lean-D,N,varies,0,State leg candidates TBD — populate after filing deadlines May-Jun 2026
TBD (multiple candidates),D,Maryland,24,,,,State Leg (Lower),Maryland State House 2026 (D seats),,,,TBD,,,,,solid-D,N,varies,0,State leg candidates TBD — populate after filing deadlines May-Jun 2026
TBD (multiple candidates),R,Maryland,24,,,,State Leg (Lower),Maryland State House 2026 (R seats),,,,TBD,,,,,solid-D,N,varies,0,State leg candidates TBD — populate after filing deadlines May-Jun 2026
TBD (multiple candidates),D,Massachusetts,25,,,,State Leg (Lower),Massachusetts State House 2026 (D seats),,,,TBD,,,,,solid-D,N,varies,0,State leg candidates TBD — populate after filing deadlines May-Jun 2026
TBD (multiple candidates),R,Massachusetts,25,,,,State Leg (Lower),Massachusetts State House 2026 (R seats),,,,TBD,,,,,solid-D,N,varies,0,State leg candidates TBD — populate after filing deadlines May-Jun 2026
TBD (multiple candidates),D,Michigan,26,,,,State Leg (Lower),Michigan State House 2026 (D seats),,,,TBD,,,,,toss-up,N,varies,0,State leg candidates TBD — populate after filing deadlines May-Jun 2026
TBD (multiple candidates),R,Michigan,26,,,,State Leg (Lower),Michigan State House 2026 (R seats),,,,TBD,,,,,toss-up,N,varies,0,State leg candidates TBD — populate after filing deadlines May-Jun 2026
TBD (multiple candidates),D,Minnesota,27,,,,State Leg (Lower),Minnesota State House 2026 (D seats),,,,TBD,,,,,toss-up,N,varies,0,State leg candidates TBD — populate after filing deadlines May-Jun 2026
TBD (multiple candidates),R,Minnesota,27,,,,State Leg (Lower),Minnesota State House 2026 (R seats),,,,TBD,,,,,toss-up,N,varies,0,State leg candidates TBD — populate after filing deadlines May-Jun 2026
TBD (multiple candidates),D,Missouri,29,,,,State Leg (Lower),Missouri State House 2026 (D seats),,,,TBD,,,,,lean-R,N,varies,0,State leg candidates TBD — populate after filing deadlines May-Jun 2026
TBD (multiple candidates),R,Missouri,29,,,,State Leg (Lower),Missouri State House 2026 (R seats),,,,TBD,,,,,lean-R,N,varies,0,State leg candidates TBD — populate after filing deadlines May-Jun 2026
TBD (multiple candidates),D,Montana,30,,,,State Leg (Lower),Montana State House 2026 (D seats),,,,TBD,,,,,solid-R,N,varies,0,State leg candidates TBD — populate after filing deadlines May-Jun 2026
TBD (multiple candidates),R,Montana,30,,,,State Leg (Lower),Montana State House 2026 (R seats),,,,TBD,,,,,solid-R,N,varies,0,State leg candidates TBD — populate after filing deadlines May-Jun 2026
TBD (multiple candidates),D,Nevada,32,,,,State Leg (Lower),Nevada State House 2026 (D seats),,,,TBD,,,,,solid-D,N,varies,0,State leg candidates TBD — populate after filing deadlines May-Jun 2026
TBD (multiple candidates),R,Nevada,32,,,,State Leg (Lower),Nevada State House 2026 (R seats),,,,TBD,,,,,solid-D,N,varies,0,State leg candidates TBD — populate after filing deadlines May-Jun 2026
TBD (multiple candidates),D,New Hampshire,33,,,,State Leg (Lower),New Hampshire State House 2026 (D seats),,,,TBD,,,,,toss-up,N,varies,0,State leg candidates TBD — populate after filing deadlines May-Jun 2026
TBD (multiple candidates),R,New Hampshire,33,,,,State Leg (Lower),New Hampshire State House 2026 (R seats),,,,TBD,,,,,toss-up,N,varies,0,State leg candidates TBD — populate after filing deadlines May-Jun 2026
TBD (multiple candidates),D,New Jersey,34,,,,State Leg (Lower),New Jersey State House 2026 (D seats),,,,TBD,,,,,solid-D,N,varies,0,State leg candidates TBD — populate after filing deadlines May-Jun 2026
TBD (multiple candidates),R,New Jersey,34,,,,State Leg (Lower),New Jersey State House 2026 (R seats),,,,TBD,,,,,solid-D,N,varies,0,State leg candidates TBD — populate after filing deadlines May-Jun 2026
TBD (multiple candidates),D,New Mexico,35,,,,State Leg (Lower),New Mexico State House 2026 (D seats),,,,TBD,,,,,solid-D,N,varies,0,State leg candidates TBD — populate after filing deadlines May-Jun 2026
TBD (multiple candidates),R,New Mexico,35,,,,State Leg (Lower),New Mexico State House 2026 (R seats),,,,TBD,,,,,solid-D,N,varies,0,State leg candidates TBD — populate after filing deadlines May-Jun 2026
TBD (multiple candidates),D,New York,36,,,,State Leg (Lower),New York State House 2026 (D seats),,,,TBD,,,,,solid-D,N,varies,0,State leg candidates TBD — populate after filing deadlines May-Jun 2026
TBD (multiple candidates),R,New York,36,,,,State Leg (Lower),New York State House 2026 (R seats),,,,TBD,,,,,solid-D,N,varies,0,State leg candidates TBD — populate after filing deadlines May-Jun 2026
TBD (multiple candidates),D,North Carolina,37,,,,State Leg (Lower),North Carolina State House 2026 (D seats),,,,TBD,,,,,lean-R,N,varies,0,State leg candidates TBD — populate after filing deadlines May-Jun 2026
TBD (multiple candidates),R,North Carolina,37,,,,State Leg (Lower),North Carolina State House 2026 (R seats),,,,TBD,,,,,lean-R,N,varies,0,State leg candidates TBD — populate after filing deadlines May-Jun 2026
TBD (multiple candidates),D,North Dakota,38,,,,State Leg (Lower),North Dakota State House 2026 (D seats),,,,TBD,,,,,solid-R,N,varies,0,State leg candidates TBD — populate after filing deadlines May-Jun 2026
TBD (multiple candidates),R,North Dakota,38,,,,State Leg (Lower),North Dakota State House 2026 (R seats),,,,TBD,,,,,solid-R,N,varies,0,State leg candidates TBD — populate after filing deadlines May-Jun 2026
TBD (multiple candidates),D,Ohio,39,,,,State Leg (Lower),Ohio State House 2026 (D seats),,,,TBD,,,,,lean-R,N,varies,0,State leg candidates TBD — populate after filing deadlines May-Jun 2026
TBD (multiple candidates),R,Ohio,39,,,,State Leg (Lower),Ohio State House 2026 (R seats),,,,TBD,,,,,lean-R,N,varies,0,State leg candidates TBD — populate after filing deadlines May-Jun 2026
TBD (multiple candidates),D,Oklahoma,40,,,,State Leg (Lower),Oklahoma State House 2026 (D seats),,,,TBD,,,,,solid-R,N,varies,0,State leg candidates TBD — populate after filing deadlines May-Jun 2026
TBD (multiple candidates),R,Oklahoma,40,,,,State Leg (Lower),Oklahoma State House 2026 (R seats),,,,TBD,,,,,solid-R,N,varies,0,State leg candidates TBD — populate after filing deadlines May-Jun 2026
TBD (multiple candidates),D,Oregon,41,,,,State Leg (Lower),Oregon State House 2026 (D seats),,,,TBD,,,,,solid-D,N,varies,0,State leg candidates TBD — populate after filing deadlines May-Jun 2026
TBD (multiple candidates),R,Oregon,41,,,,State Leg (Lower),Oregon State House 2026 (R seats),,,,TBD,,,,,solid-D,N,varies,0,State leg candidates TBD — populate after filing deadlines May-Jun 2026
TBD (multiple candidates),D,Pennsylvania,42,,,,State Leg (Lower),Pennsylvania State House 2026 (D seats),,,,TBD,,,,,lean-D,N,varies,0,State leg candidates TBD — populate after filing deadlines May-Jun 2026
TBD (multiple candidates),R,Pennsylvania,42,,,,State Leg (Lower),Pennsylvania State House 2026 (R seats),,,,TBD,,,,,lean-D,N,varies,0,State leg candidates TBD — populate after filing deadlines May-Jun 2026
TBD (multiple candidates),D,Rhode Island,44,,,,State Leg (Lower),Rhode Island State House 2026 (D seats),,,,TBD,,,,,solid-D,N,varies,0,State leg candidates TBD — populate after filing deadlines May-Jun 2026
TBD (multiple candidates),R,Rhode Island,44,,,,State Leg (Lower),Rhode Island State House 2026 (R seats),,,,TBD,,,,,solid-D,N,varies,0,State leg candidates TBD — populate after filing deadlines May-Jun 2026
TBD (multiple candidates),D,South Carolina,45,,,,State Leg (Lower),South Carolina State House 2026 (D seats),,,,TBD,,,,,lean-R,N,varies,0,State leg candidates TBD — populate after filing deadlines May-Jun 2026
TBD (multiple candidates),R,South Carolina,45,,,,State Leg (Lower),South Carolina State House 2026 (R seats),,,,TBD,,,,,lean-R,N,varies,0,State leg candidates TBD — populate after filing deadlines May-Jun 2026
TBD (multiple candidates),D,South Dakota,46,,,,State Leg (Lower),South Dakota State House 2026 (D seats),,,,TBD,,,,,solid-R,N,varies,0,State leg candidates TBD — populate after filing deadlines May-Jun 2026
TBD (multiple candidates),R,South Dakota,46,,,,State Leg (Lower),South Dakota State House 2026 (R seats),,,,TBD,,,,,solid-R,N,varies,0,State leg candidates TBD — populate after filing deadlines May-Jun 2026
TBD (multiple candidates),D,Tennessee,47,,,,State Leg (Lower),Tennessee State House 2026 (D seats),,,,TBD,,,,,solid-R,N,varies,0,State leg candidates TBD — populate after filing deadlines May-Jun 2026
TBD (multiple candidates),R,Tennessee,47,,,,State Leg (Lower),Tennessee State House 2026 (R seats),,,,TBD,,,,,solid-R,N,varies,0,State leg candidates TBD — populate after filing deadlines May-Jun 2026
TBD (multiple candidates),D,Texas,48,,,,State Leg (Lower),Texas State House 2026 (D seats),,,,TBD,,,,,lean-R,N,varies,0,State leg candidates TBD — populate after filing deadlines May-Jun 2026
TBD (multiple candidates),R,Texas,48,,,,State Leg (Lower),Texas State House 2026 (R seats),,,,TBD,,,,,lean-R,N,varies,0,State leg candidates TBD — populate after filing deadlines May-Jun 2026
TBD (multiple candidates),D,Utah,49,,,,State Leg (Lower),Utah State House 2026 (D seats),,,,TBD,,,,,solid-R,N,varies,0,State leg candidates TBD — populate after filing deadlines May-Jun 2026
TBD (multiple candidates),R,Utah,49,,,,State Leg (Lower),Utah State House 2026 (R seats),,,,TBD,,,,,solid-R,N,varies,0,State leg candidates TBD — populate after filing deadlines May-Jun 2026
TBD (multiple candidates),D,Vermont,50,,,,State Leg (Lower),Vermont State House 2026 (D seats),,,,TBD,,,,,solid-D,N,varies,0,State leg candidates TBD — populate after filing deadlines May-Jun 2026
TBD (multiple candidates),R,Vermont,50,,,,State Leg (Lower),Vermont State House 2026 (R seats),,,,TBD,,,,,solid-D,N,varies,0,State leg candidates TBD — populate after filing deadlines May-Jun 2026
TBD (multiple candidates),D,Virginia,51,,,,State Leg (Lower),Virginia State House 2026 (D seats),,,,TBD,,,,,solid-D,N,varies,0,State leg candidates TBD — populate after filing deadlines May-Jun 2026
TBD (multiple candidates),R,Virginia,51,,,,State Leg (Lower),Virginia State House 2026 (R seats),,,,TBD,,,,,solid-D,N,varies,0,State leg candidates TBD — populate after filing deadlines May-Jun 2026
TBD (multiple candidates),D,Washington,53,,,,State Leg (Lower),Washington State House 2026 (D seats),,,,TBD,,,,,solid-D,N,varies,0,State leg candidates TBD — populate after filing deadlines May-Jun 2026
TBD (multiple candidates),R,Washington,53,,,,State Leg (Lower),Washington State House 2026 (R seats),,,,TBD,,,,,solid-D,N,varies,0,State leg candidates TBD — populate after filing deadlines May-Jun 2026
TBD (multiple candidates),D,West Virginia,54,,,,State Leg (Lower),West Virginia State House 2026 (D seats),,,,TBD,,,,,solid-R,N,varies,0,State leg candidates TBD — populate after filing deadlines May-Jun 2026
TBD (multiple candidates),R,West Virginia,54,,,,State Leg (Lower),West Virginia State House 2026 (R seats),,,,TBD,,,,,solid-R,N,varies,0,State leg candidates TBD — populate after filing deadlines May-Jun 2026
TBD (multiple candidates),D,Wisconsin,55,,,,State Leg (Lower),Wisconsin State House 2026 (D seats),,,,TBD,,,,,toss-up,N,varies,0,State leg candidates TBD — populate after filing deadlines May-Jun 2026
TBD (multiple candidates),R,Wisconsin,55,,,,State Leg (Lower),Wisconsin State House 2026 (R seats),,,,TBD,,,,,toss-up,N,varies,0,State leg candidates TBD — populate after filing deadlines May-Jun 2026
TBD (multiple candidates),D,Wyoming,56,,,,State Leg (Lower),Wyoming State House 2026 (D seats),,,,TBD,,,,,solid-R,N,varies,0,State leg candidates TBD — populate after filing deadlines May-Jun 2026
TBD (multiple candidates),R,Wyoming,56,,,,State Leg (Lower),Wyoming State House 2026 (R seats),,,,TBD,,,,,solid-R,N,varies,0,State leg candidates TBD — populate after filing deadlines May-Jun 2026
Amendment 3 repeal effort,R,Missouri,29,,,,Ballot Initiative - Reproductive Rights,Missouri Amendment 3 Repeal 2026,,,,N,,,,,toss-up,N,Nov 3 2026,0,R-backed effort to repeal 2024 abortion rights amendment; signature gathering ongoing
Amendment 3 defense coalition,D,Missouri,29,,,,Ballot Initiative - Reproductive Rights,Missouri Amendment 3 Repeal 2026,,,,N,,,,,toss-up,N,Nov 3 2026,0,D-aligned coalition defending 2024 amendment
Protect Missouri Voters (anti-BI),R,Missouri,29,,,,Ballot Initiative - Direct Democracy,Missouri Direct Democracy Restriction 2026,,,,N,,,,,toss-up,N,Nov 3 2026,0,Measure would gut citizen initiative process; CONFIRMED for ballot
Question 6 (abortion),D,Nevada,32,,,,Ballot Initiative - Reproductive Rights,Nevada Question 6 2026,,,,N,,,,,likely-D,N,Nov 3 2026,0,Second approval required for 2024 abortion rights amendment; likely to pass
Question 7 (voter ID),R,Nevada,32,,,,Ballot Initiative - Direct Democracy,Nevada Question 7 2026,,,,N,,,,,toss-up,N,Nov 3 2026,0,Voter ID requirement; second approval required after 2024 passage
Alaska RCV repeal,R,Alaska,2,,,,Ballot Initiative - Direct Democracy,Alaska RCV Repeal 2026,,,,N,,,,,toss-up,N,Nov 3 2026,0,RCV repeal CONFIRMED qualified; abolish ranked choice and open primaries
Alaska campaign finance limits,D,Alaska,2,,,,Ballot Initiative - Direct Democracy,Alaska Campaign Finance 2026,,,,N,,,,,likely-D,N,Nov 3 2026,0,Contribution limits initiative
Virginia redistricting,,Virginia,51,,,,Ballot Initiative - Direct Democracy,Virginia Redistricting April 2026,,,,N,,,,,likely-D,N,Apr 21 2026,0,First statewide measure of 2026 cycle; advisory on redistricting process
Oklahoma minimum wage,D,Oklahoma,40,,,,Ballot Initiative - Civil Liberties,Oklahoma Minimum Wage June 2026,,,,N,,,,,toss-up,N,Jun 16 2026,0,$15/hr minimum wage; special election June 16 2026
ND supermajority threshold,R,North Dakota,38,,,,Ballot Initiative - Direct Democracy,North Dakota Supermajority 2026,,,,N,,,,,lean-R,N,Nov 3 2026,0,60% threshold for constitutional amendments
SD supermajority threshold,R,South Dakota,46,,,,Ballot Initiative - Direct Democracy,South Dakota Supermajority 2026,,,,N,,,,,lean-R,N,Nov 3 2026,0,60% threshold for constitutional amendments
Kansas Supreme Court referendum,R,Kansas,20,,,,Ballot Initiative - Direct Democracy,Kansas Supreme Court Elections 2026,,,,N,,,,,toss-up,N,Nov 3 2026,0,Whether to switch from appointment to election system for KS Supreme Court starting 2028