geoid,state,urbanPct,urbanicity
AL-05,AL,7.9,rural
AL-06,AL,7.0,rural
AL-07,AL,2.9,rural
AL-01,AL,4.5,rural
AL-02,AL,3.0,rural
AL-03,AL,4.6,rural
AL-04,AL,2.2,rural
AK-AT-LARGE,AK,0.0,rural
AZ-03,AZ,80.8,urban
AZ-09,AZ,1.2,rural
AZ-01,AZ,18.3,suburban
AZ-08,AZ,38.3,suburban
AZ-05,AZ,59.9,urban
AZ-06,AZ,2.3,rural
AZ-04,AZ,97.2,urban
AZ-02,AZ,0.4,rural
AZ-07,AZ,1.4,rural
AR-03,AR,7.1,rural
AR-01,AR,1.1,rural
AR-04,AR,1.2,rural
AR-02,AR,5.8,rural
CA-28,CA,16.4,suburban
CA-10,CA,39.0,suburban
CA-02,CA,1.6,rural
CA-49,CA,30.7,suburban
CA-16,CA,21.1,suburban
CA-12,CA,66.7,urban
CA-39,CA,70.5,urban
CA-09,CA,11.5,rural
CA-33,CA,84.0,urban
CA-08,CA,27.7,suburban
CA-32,CA,41.5,suburban
CA-23,CA,1.4,rural
CA-31,CA,59.9,urban
CA-44,CA,80.3,urban
CA-50,CA,48.6,suburban
CA-27,CA,11.8,rural
CA-13,CA,2.4,rural
CA-01,CA,0.8,rural
CA-30,CA,54.2,urban
CA-41,CA,20.1,suburban
CA-06,CA,63.7,urban
CA-36,CA,50.4,urban
CA-35,CA,91.3,urban
CA-05,CA,1.9,rural
CA-24,CA,3.0,rural
CA-45,CA,100.0,urban
CA-34,CA,100.0,urban
CA-38,CA,91.5,urban
CA-18,CA,2.6,rural
CA-48,CA,5.8,rural
CA-25,CA,1.5,rural
CA-42,CA,12.7,rural
CA-15,CA,48.4,suburban
CA-04,CA,4.7,rural
CA-29,CA,55.7,urban
CA-40,CA,41.9,suburban
CA-22,CA,3.3,rural
CA-21,CA,16.8,suburban
CA-11,CA,18.7,suburban
CA-43,CA,100.0,urban
CA-19,CA,5.4,rural
CA-37,CA,100.0,urban
CA-52,CA,71.9,urban
CA-17,CA,64.6,urban
CA-14,CA,24.2,suburban
CA-47,CA,49.2,suburban
CA-20,CA,1.9,rural
CA-51,CA,78.9,urban
CA-46,CA,100.0,urban
CA-07,CA,20.2,suburban
CA-26,CA,10.6,rural
CA-03,CA,1.1,rural
CO-03,CO,0.5,rural
CO-08,CO,19.1,suburban
CO-06,CO,56.8,urban
CO-04,CO,0.6,rural
CO-05,CO,14.3,rural
CO-01,CO,72.9,urban
CO-02,CO,2.0,rural
CO-07,CO,3.0,rural
CT-03,CT,67.2,urban
CT-01,CT,51.9,urban
CT-05,CT,28.3,suburban
CT-04,CT,56.6,urban
CT-02,CT,17.6,suburban
CT-NaN,CT,0.4,rural
DE-AT-LARGE,DE,18.0,suburban
FL-11,FL,22.9,suburban
FL-27,FL,43.3,suburban
FL-23,FL,68.4,urban
FL-13,FL,34.4,suburban
FL-20,FL,6.7,rural
FL-03,FL,3.0,rural
FL-09,FL,17.1,suburban
FL-01,FL,9.8,rural
FL-08,FL,19.6,suburban
FL-16,FL,21.8,suburban
FL-05,FL,44.1,suburban
FL-12,FL,18.8,suburban
FL-24,FL,67.5,urban
FL-06,FL,9.4,rural
FL-17,FL,23.0,suburban
FL-18,FL,5.9,rural
FL-25,FL,81.2,urban
FL-15,FL,53.7,urban
FL-28,FL,2.2,rural
FL-02,FL,2.2,rural
FL-10,FL,76.0,urban
FL-07,FL,29.8,suburban
FL-22,FL,65.6,urban
FL-19,FL,23.6,suburban
FL-26,FL,8.4,rural
FL-04,FL,21.5,suburban
FL-14,FL,44.6,suburban
FL-21,FL,22.3,suburban
GA-13,GA,78.1,urban
GA-11,GA,23.7,suburban
GA-01,GA,4.8,rural
GA-12,GA,2.9,rural
GA-08,GA,2.5,rural
GA-09,GA,9.4,rural
GA-14,GA,14.3,rural
GA-04,GA,95.8,urban
GA-05,GA,100.0,urban
GA-07,GA,36.7,suburban
GA-03,GA,7.6,rural
GA-02,GA,3.1,rural
GA-06,GA,75.6,urban
GA-10,GA,5.7,rural
HI-02,HI,1.8,rural
HI-01,HI,34.1,suburban
ID-01,ID,0.6,rural
ID-02,ID,0.5,rural
IL-13,IL,16.5,suburban
IL-03,IL,85.0,urban
IL-09,IL,88.1,urban
IL-01,IL,36.3,suburban
IL-08,IL,83.8,urban
IL-14,IL,14.7,rural
IL-16,IL,3.1,rural
IL-05,IL,85.3,urban
IL-12,IL,1.5,rural
IL-06,IL,90.1,urban
IL-17,IL,6.2,rural
IL-15,IL,1.2,rural
IL-04,IL,100.0,urban
IL-02,IL,6.5,rural
IL-10,IL,60.0,urban
IL-07,IL,99.4,urban
IL-NaN,IL,0.0,rural
IL-11,IL,30.0,suburban
IN-04,IN,4.2,rural
IN-03,IN,5.7,rural
IN-09,IN,3.4,rural
IN-01,IN,27.5,suburban
IN-05,IN,14.6,rural
IN-02,IN,6.8,rural
IN-08,IN,2.8,rural
IN-06,IN,8.0,rural
IN-07,IN,95.0,urban
IA-03,IA,2.5,rural
IA-01,IA,2.3,rural
IA-04,IA,1.0,rural
IA-02,IA,2.0,rural
KS-01,KS,0.4,rural
KS-04,KS,1.9,rural
KS-02,KS,1.6,rural
KS-03,KS,11.6,rural
KY-04,KY,5.5,rural
KY-02,KY,3.2,rural
KY-03,KY,85.2,urban
KY-01,KY,1.8,rural
KY-05,KY,1.6,rural
KY-06,KY,5.3,rural
LA-01,LA,4.0,rural
LA-02,LA,11.7,rural
LA-03,LA,3.7,rural
LA-04,LA,1.9,rural
LA-05,LA,3.0,rural
LA-06,LA,7.7,rural
ME-01,ME,5.7,rural
ME-02,ME,0.4,rural
MD-03,MD,49.1,suburban
MD-01,MD,5.2,rural
MD-08,MD,72.3,urban
MD-05,MD,12.7,rural
MD-06,MD,9.2,rural
MD-04,MD,84.3,urban
MD-02,MD,27.9,suburban
MD-07,MD,73.5,urban
MA-03,MA,44.4,suburban
MA-09,MA,20.3,suburban
MA-01,MA,14.3,rural
MA-08,MA,59.6,urban
MA-05,MA,86.2,urban
MA-06,MA,43.1,suburban
MA-04,MA,57.4,urban
MA-02,MA,20.1,suburban
MA-07,MA,90.4,urban
MI-13,MI,84.3,urban
MI-03,MI,18.2,suburban
MI-09,MI,3.7,rural
MI-01,MI,0.4,rural
MI-08,MI,16.0,suburban
MI-05,MI,4.0,rural
MI-12,MI,100.0,urban
MI-06,MI,32.3,suburban
MI-04,MI,8.9,rural
MI-02,MI,1.1,rural
MI-10,MI,94.6,urban
MI-07,MI,12.3,rural
MI-11,MI,94.4,urban
MN-03,MN,58.1,urban
MN-01,MN,1.5,rural
MN-08,MN,0.5,rural
MN-05,MN,99.5,urban
MN-04,MN,69.7,urban
MN-02,MN,15.0,rural
MN-07,MN,0.5,rural
MN-06,MN,10.7,rural
MS-03,MS,2.0,rural
MS-01,MS,2.4,rural
MS-04,MS,4.0,rural
MS-02,MS,1.3,rural
MO-03,MO,3.4,rural
MO-01,MO,84.0,urban
MO-05,MO,70.7,urban
MO-06,MO,1.2,rural
MO-04,MO,1.5,rural
MO-02,MO,16.4,suburban
MO-07,MO,5.0,rural
MO-08,MO,1.2,rural
MT-01,MT,0.3,rural
MT-02,MT,0.1,rural
NE-03,NE,0.2,rural
NE-01,NE,3.3,rural
NE-02,NE,14.8,rural
NV-03,NV,7.6,rural
NV-01,NV,14.6,rural
NV-04,NV,0.5,rural
NV-02,NV,0.4,rural
NH-01,NH,17.2,suburban
NH-02,NH,3.6,rural
NH-NaN,NH,0.0,rural
NJ-09,NJ,99.0,urban
NJ-03,NJ,31.7,suburban
NJ-01,NJ,70.2,urban
NJ-08,NJ,100.0,urban
NJ-05,NJ,32.8,suburban
NJ-12,NJ,59.8,urban
NJ-06,NJ,51.7,urban
NJ-04,NJ,47.4,suburban
NJ-02,NJ,12.3,rural
NJ-10,NJ,100.0,urban
NJ-07,NJ,22.0,suburban
NJ-11,NJ,70.3,urban
NM-03,NM,0.5,rural
NM-01,NM,1.4,rural
NM-02,NM,0.5,rural
ND-AT-LARGE,ND,0.3,rural
OH-03,OH,93.1,urban
OH-08,OH,17.1,suburban
OH-13,OH,69.6,urban
OH-09,OH,9.4,rural
OH-01,OH,48.0,suburban
OH-14,OH,9.2,rural
OH-05,OH,4.3,rural
OH-12,OH,3.7,rural
OH-06,OH,5.8,rural
OH-15,OH,13.5,rural
OH-04,OH,5.3,rural
OH-02,OH,2.9,rural
OH-10,OH,32.9,suburban
OH-07,OH,23.8,suburban
OH-11,OH,19.8,suburban
OK-03,OK,0.8,rural
OK-01,OK,31.0,suburban
OK-05,OK,7.6,rural
OK-04,OK,2.5,rural
OK-02,OK,0.8,rural
OR-03,OR,11.2,rural
OR-01,OR,3.8,rural
OR-05,OR,3.6,rural
OR-06,OR,8.7,rural
OR-04,OR,1.6,rural
OR-02,OR,0.3,rural
PA-03,PA,100.0,urban
PA-05,PA,88.6,urban
PA-06,PA,36.2,suburban
PA-17,PA,44.7,suburban
PA-15,PA,1.2,rural
PA-04,PA,45.8,suburban
PA-10,PA,25.2,suburban
PA-07,PA,22.7,suburban
PA-11,PA,15.9,suburban
PA-12,PA,68.9,urban
PA-09,PA,3.0,rural
PA-08,PA,9.3,rural
PA-14,PA,6.1,rural
PA-01,PA,45.9,suburban
PA-13,PA,3.0,rural
PA-16,PA,5.7,rural
PA-02,PA,100.0,urban
RI-01,RI,37.6,suburban
RI-02,RI,20.4,suburban
SC-03,SC,5.5,rural
SC-01,SC,10.5,rural
SC-05,SC,6.3,rural
SC-06,SC,3.6,rural
SC-04,SC,35.6,suburban
SC-02,SC,12.2,rural
SC-07,SC,5.7,rural
SD-AT-LARGE,SD,0.3,rural
TN-03,TN,10.0,rural
TN-09,TN,37.5,suburban
TN-01,TN,8.9,rural
TN-08,TN,2.7,rural
TN-05,TN,16.2,suburban
TN-06,TN,4.9,rural
TN-04,TN,3.8,rural
TN-02,TN,15.8,suburban
TN-07,TN,3.9,rural
TX-26,TX,11.2,rural
TX-19,TX,0.8,rural
TX-13,TX,0.7,rural
TX-20,TX,97.9,urban
TX-01,TX,3.3,rural
TX-08,TX,8.0,rural
TX-31,TX,4.9,rural
TX-27,TX,2.3,rural
TX-14,TX,11.1,rural
TX-33,TX,93.2,urban
TX-18,TX,95.8,urban
TX-16,TX,66.9,urban
TX-30,TX,65.5,urban
TX-35,TX,43.2,suburban
TX-12,TX,26.4,suburban
TX-24,TX,97.1,urban
TX-38,TX,72.9,urban
TX-17,TX,2.2,rural
TX-25,TX,2.6,rural
TX-15,TX,4.0,rural
TX-29,TX,97.4,urban
TX-10,TX,3.1,rural
TX-02,TX,44.3,suburban
TX-22,TX,6.9,rural
TX-21,TX,3.6,rural
TX-23,TX,0.5,rural
TX-07,TX,95.9,urban
TX-37,TX,90.9,urban
TX-06,TX,4.0,rural
TX-11,TX,1.6,rural
TX-05,TX,5.0,rural
TX-28,TX,1.8,rural
TX-04,TX,3.9,rural
TX-32,TX,99.4,urban
TX-36,TX,5.1,rural
TX-34,TX,5.0,rural
TX-09,TX,91.0,urban
TX-03,TX,15.1,suburban
UT-03,UT,0.8,rural
UT-01,UT,2.3,rural
UT-04,UT,4.3,rural
UT-02,UT,0.6,rural
VT-AT-LARGE,VT,1.5,rural
VA-04,VA,9.0,rural
VA-03,VA,64.4,urban
VA-09,VA,2.2,rural
VA-01,VA,8.7,rural
VA-08,VA,82.3,urban
VA-05,VA,2.1,rural
VA-06,VA,4.4,rural
VA-10,VA,15.3,suburban
VA-02,VA,6.6,rural
VA-07,VA,7.9,rural
VA-11,VA,89.6,urban
WA-02,WA,4.0,rural
WA-05,WA,1.2,rural
WA-01,WA,67.2,urban
WA-03,WA,2.7,rural
WA-08,WA,2.8,rural
WA-06,WA,4.5,rural
WA-04,WA,1.4,rural
WA-10,WA,37.9,suburban
WA-07,WA,44.2,suburban
WA-09,WA,93.7,urban
WV-01,WV,1.9,rural
WV-02,WV,2.9,rural
WI-03,WI,1.8,rural
WI-01,WI,10.3,rural
WI-08,WI,2.5,rural
WI-05,WI,15.1,suburban
WI-06,WI,3.0,rural
WI-04,WI,25.6,suburban
WI-02,WI,4.8,rural
WI-07,WI,0.6,rural
WY-AT-LARGE,WY,0.2,rural
NY-22,NY,10.6,rural
NY-12,NY,100.0,urban
NY-14,NY,87.3,urban
NY-08,NY,56.4,urban
NY-05,NY,38.1,suburban
NY-07,NY,100.0,urban
NY-23,NY,3.7,rural
NY-16,NY,84.4,urban
NY-17,NY,41.9,suburban
NY-18,NY,15.9,suburban
NY-19,NY,2.0,rural
NY-20,NY,23.1,suburban
NY-21,NY,1.2,rural
NY-25,NY,20.8,suburban
NY-01,NY,23.8,suburban
NY-24,NY,1.6,rural
NY-02,NY,42.5,suburban
NY-03,NY,64.9,urban
NY-26,NY,79.7,urban
NY-06,NY,100.0,urban
NY-09,NY,100.0,urban
NY-10,NY,100.0,urban
NY-11,NY,63.2,urban
NY-13,NY,100.0,urban
NY-15,NY,100.0,urban
NY-04,NY,54.3,urban
NC-11,NC,5.4,rural
NC-01,NC,2.4,rural
NC-12,NC,98.4,urban
NC-02,NC,74.8,urban
NC-13,NC,8.1,rural
NC-03,NC,3.3,rural
NC-14,NC,17.6,suburban
NC-04,NC,28.2,suburban
NC-05,NC,6.6,rural
NC-06,NC,23.4,suburban
NC-07,NC,6.6,rural
NC-08,NC,8.9,rural
NC-09,NC,10.0,rural
NC-10,NC,20.2,suburban